num_train,deg,trial,seed,solver,loss_Y,regret_fstar,regret_Y
100,1,0,1143,gbm,8.756239,3.700853,-1.965669
100,1,0,1143,lasso,8.517260,1.046312,-5.005171
100,1,0,1143,spo,8.541511,1.294037,-4.721521
100,1,1,1144,gbm,8.799285,3.842268,-1.750916
100,1,1,1144,lasso,8.595100,1.503412,-4.448195
100,1,1,1144,spo,8.673846,2.599341,-3.184318
100,1,2,1145,gbm,8.885845,4.330269,-0.881545
100,1,2,1145,lasso,8.623257,1.637950,-3.996866
100,1,2,1145,spo,8.749516,3.493770,-1.849470
100,1,3,1146,gbm,8.754642,2.734628,-3.049446
100,1,3,1146,lasso,8.606194,0.921569,-5.140715
100,1,3,1146,spo,8.695083,2.219566,-3.643543
100,1,4,1147,gbm,8.761779,3.878950,-1.590527
100,1,4,1147,lasso,8.592725,1.434543,-4.406805
100,1,4,1147,spo,8.658598,2.195319,-3.530291
100,1,5,1148,gbm,8.736629,2.785821,-2.327323
100,1,5,1148,lasso,8.587712,1.230405,-4.127966
100,1,5,1148,spo,8.679185,2.179549,-3.029180
100,1,6,1149,gbm,8.691990,4.353734,-1.087359
100,1,6,1149,lasso,8.431869,1.256830,-4.655045
100,1,6,1149,spo,8.493874,2.125863,-3.653904
100,1,7,1150,gbm,8.867457,4.335637,-0.890632
100,1,7,1150,lasso,8.570555,1.287716,-4.399645
100,1,7,1150,spo,8.653870,2.104780,-3.458975
100,1,8,1151,gbm,8.737354,3.547425,-1.948519
100,1,8,1151,lasso,8.548465,1.272747,-4.563272
100,1,8,1151,spo,8.596988,1.582496,-4.207213
100,1,9,1152,gbm,8.752503,3.948477,-1.437725
100,1,9,1152,lasso,8.538750,1.399058,-4.381420
100,1,9,1152,spo,8.649924,2.563158,-3.037288
100,1,10,1153,gbm,8.650731,4.162612,-1.422358
100,1,10,1153,lasso,8.408923,0.874927,-5.189708
100,1,10,1153,spo,8.405422,1.595942,-4.363499
100,1,11,1154,gbm,8.586276,2.811399,-2.712124
100,1,11,1154,lasso,8.443854,1.024898,-4.771244
100,1,11,1154,spo,8.638438,2.697119,-2.843843
100,1,12,1155,gbm,8.827610,3.970383,-1.190241
100,1,12,1155,lasso,8.604465,1.394063,-4.171624
100,1,12,1155,spo,8.673798,1.858105,-3.634622
100,1,13,1156,gbm,8.800410,4.312947,-1.254592
100,1,13,1156,lasso,8.540998,1.426075,-4.583013
100,1,13,1156,spo,8.602236,2.636251,-3.187740
100,1,14,1157,gbm,8.803698,2.992449,-1.896963
100,1,14,1157,lasso,8.589876,0.857848,-4.385241
100,1,14,1157,spo,8.693443,1.930563,-3.134790
100,1,15,1158,gbm,8.792062,4.090463,-0.752441
100,1,15,1158,lasso,8.547846,1.407043,-3.872387
100,1,15,1158,spo,8.590265,2.235246,-2.909456
100,1,16,1159,gbm,8.693787,2.916812,-2.485245
100,1,16,1159,lasso,8.545089,1.292522,-4.366111
100,1,16,1159,spo,8.637697,2.209298,-3.304519
100,1,17,1160,gbm,8.847138,3.342775,-1.681402
100,1,17,1160,lasso,8.673154,1.226462,-4.131519
100,1,17,1160,spo,8.750157,2.161111,-3.049449
100,1,18,1161,gbm,8.806083,3.542204,-1.198807
100,1,18,1161,lasso,8.655869,1.529136,-3.546166
100,1,18,1161,spo,8.722457,2.572883,-2.329093
100,1,19,1162,gbm,8.630534,3.740480,-1.957755
100,1,19,1162,lasso,8.476156,1.594807,-4.424565
100,1,19,1162,spo,8.516858,2.331612,-3.577485
100,1,20,1163,gbm,8.522106,3.175570,-2.650320
100,1,20,1163,lasso,8.368607,1.059904,-5.075795
100,1,20,1163,spo,8.407237,1.714826,-4.324970
100,1,21,1164,gbm,8.810428,3.538590,-1.830044
100,1,21,1164,lasso,8.585938,1.067549,-4.705324
100,1,21,1164,spo,8.665974,2.517445,-3.018239
100,1,22,1165,gbm,8.812235,3.534241,-1.673239
100,1,22,1165,lasso,8.632013,1.151274,-4.428813
100,1,22,1165,spo,8.711841,2.303960,-3.095890
100,1,23,1166,gbm,8.866966,2.985933,-1.720645
100,1,23,1166,lasso,8.741318,1.261708,-3.729126
100,1,23,1166,spo,8.813088,2.556224,-2.221196
100,1,24,1167,gbm,8.816130,3.262164,-2.418548
100,1,24,1167,lasso,8.575504,0.718828,-5.347175
100,1,24,1167,spo,8.687342,1.909458,-3.976176
100,1,25,1168,gbm,8.760460,3.122928,-1.796774
100,1,25,1168,lasso,8.569130,1.067947,-4.181334
100,1,25,1168,spo,8.653067,2.139335,-2.938117
100,1,26,1169,gbm,8.804484,3.337369,-1.862702
100,1,26,1169,lasso,8.635537,1.105018,-4.449423
100,1,26,1169,spo,8.685856,1.866248,-3.567353
100,1,27,1170,gbm,8.835030,4.288395,-1.172279
100,1,27,1170,lasso,8.647538,1.597174,-4.269123
100,1,27,1170,spo,8.743950,3.293810,-2.316769
100,1,28,1171,gbm,8.692875,3.728798,-2.132270
100,1,28,1171,lasso,8.475353,1.062514,-5.201072
100,1,28,1171,spo,8.661573,3.399146,-2.511688
100,1,29,1172,gbm,8.787739,2.940753,-2.056526
100,1,29,1172,lasso,8.649575,1.436250,-3.788578
100,1,29,1172,spo,8.761320,2.454769,-2.616012
100,1,30,1173,gbm,8.742389,3.156274,-2.461652
100,1,30,1173,lasso,8.632543,1.449162,-4.433758
100,1,30,1173,spo,8.664675,1.829069,-3.994878
100,1,31,1174,gbm,8.672698,3.646514,-2.071129
100,1,31,1174,lasso,8.506490,1.588152,-4.418944
100,1,31,1174,spo,8.548731,2.128069,-3.803102
100,1,32,1175,gbm,8.693720,3.056449,-2.414820
100,1,32,1175,lasso,8.505891,0.824393,-4.989251
100,1,32,1175,spo,8.572470,1.648167,-4.039118
100,1,33,1176,gbm,8.591496,2.698028,-3.143775
100,1,33,1176,lasso,8.471946,0.910436,-5.190907
100,1,33,1176,spo,8.550249,2.113137,-3.813586
100,1,34,1177,gbm,8.781883,4.125488,-1.344877
100,1,34,1177,lasso,8.516961,1.156203,-4.788505
100,1,34,1177,spo,8.604834,2.319152,-3.439775
100,1,35,1178,gbm,8.644739,3.308983,-2.022529
100,1,35,1178,lasso,8.470817,0.998921,-4.683288
100,1,35,1178,spo,8.532351,2.192908,-3.308038
100,1,36,1179,gbm,8.736738,3.262321,-2.208115
100,1,36,1179,lasso,8.552176,0.990967,-4.833227
100,1,36,1179,spo,8.710582,2.381473,-3.226152
100,1,37,1180,gbm,8.644080,3.148084,-2.442364
100,1,37,1180,lasso,8.506836,1.517961,-4.326804
100,1,37,1180,spo,8.599152,2.511628,-3.178115
100,1,38,1181,gbm,8.744757,2.768058,-2.960086
100,1,38,1181,lasso,8.561501,0.994852,-5.006530
100,1,38,1181,spo,8.689094,2.623091,-3.127391
100,1,39,1182,gbm,8.723849,3.902391,-1.503847
100,1,39,1182,lasso,8.544816,1.245862,-4.552281
100,1,39,1182,spo,8.676572,2.969732,-2.574097
100,1,40,1183,gbm,8.836746,3.840163,-1.310764
100,1,40,1183,lasso,8.587492,1.552699,-3.959145
100,1,40,1183,spo,8.786866,3.529394,-1.670566
100,1,41,1184,gbm,8.715908,2.475807,-2.719113
100,1,41,1184,lasso,8.585166,1.110938,-4.301121
100,1,41,1184,spo,8.632809,1.999970,-3.270652
100,1,42,1185,gbm,8.717974,2.578574,-2.558186
100,1,42,1185,lasso,8.589060,1.087140,-4.291124
100,1,42,1185,spo,8.566073,1.274686,-4.073209
100,1,43,1186,gbm,8.787077,5.070076,-0.672543
100,1,43,1186,lasso,8.462067,1.471418,-4.810587
100,1,43,1186,spo,8.593944,2.692927,-3.405992
100,1,44,1187,gbm,8.778083,3.722329,-1.628671
100,1,44,1187,lasso,8.544160,0.933865,-4.856445
100,1,44,1187,spo,8.680677,2.447738,-3.104068
100,1,45,1188,gbm,8.770133,4.628524,-1.196117
100,1,45,1188,lasso,8.468330,1.082830,-5.244455
100,1,45,1188,spo,8.694772,3.265415,-2.752462
100,1,46,1189,gbm,8.709008,3.251642,-2.269452
100,1,46,1189,lasso,8.503261,0.696047,-5.214302
100,1,46,1189,spo,8.693726,2.679431,-2.928819
100,1,47,1190,gbm,8.766498,3.617688,-1.576860
100,1,47,1190,lasso,8.596168,0.934983,-4.675201
100,1,47,1190,spo,8.675648,1.998129,-3.447340
100,1,48,1191,gbm,8.700125,2.364521,-3.183914
100,1,48,1191,lasso,8.597753,0.943987,-4.829634
100,1,48,1191,spo,8.707615,2.425292,-3.113509
100,1,49,1192,gbm,8.744225,3.104220,-2.348200
100,1,49,1192,lasso,8.561384,1.240460,-4.500358
100,1,49,1192,spo,8.636759,2.153422,-3.446124
100,2,0,2143,gbm,5.801627,3.411259,-3.631636
100,2,0,2143,lasso,5.656682,0.840458,-6.454104
100,2,0,2143,spo,5.724717,1.917738,-5.271363
100,2,1,2144,gbm,5.901785,3.191100,-3.716895
100,2,1,2144,lasso,5.750310,0.544647,-6.627601
100,2,1,2144,spo,5.827087,1.855499,-5.185858
100,2,2,2145,gbm,5.828093,4.160059,-2.747091
100,2,2,2145,lasso,5.644627,1.022315,-6.227879
100,2,2,2145,spo,5.758171,2.968102,-4.069363
100,2,3,2146,gbm,5.780130,4.261219,-2.962703
100,2,3,2146,lasso,5.576912,0.611330,-6.933497
100,2,3,2146,spo,5.580770,1.249941,-6.238738
100,2,4,2147,gbm,6.026120,6.024184,-1.235994
100,2,4,2147,lasso,5.730393,0.801248,-7.005407
100,2,4,2147,spo,5.878419,3.320524,-4.222538
100,2,5,2148,gbm,5.962050,3.576306,-3.428567
100,2,5,2148,lasso,5.806305,1.070715,-6.209021
100,2,5,2148,spo,5.865833,1.809706,-5.388962
100,2,6,2149,gbm,5.936994,3.520782,-3.020812
100,2,6,2149,lasso,5.799887,1.235037,-5.547250
100,2,6,2149,spo,5.891621,2.759638,-3.862106
100,2,7,2150,gbm,6.126527,6.890973,-0.078923
100,2,7,2150,lasso,5.742983,0.542004,-7.047557
100,2,7,2150,spo,5.852078,2.370493,-5.040606
100,2,8,2151,gbm,5.869332,4.376951,-2.970717
100,2,8,2151,lasso,5.684316,0.945039,-6.740747
100,2,8,2151,spo,5.766207,2.106481,-5.464877
100,2,9,2152,gbm,5.717971,3.045761,-3.994145
100,2,9,2152,lasso,5.588783,0.652133,-6.625853
100,2,9,2152,spo,5.627187,1.462608,-5.734765
100,2,10,2153,gbm,5.783487,3.927357,-3.368470
100,2,10,2153,lasso,5.601304,1.140662,-6.420290
100,2,10,2153,spo,5.698130,2.403608,-5.037188
100,2,11,2154,gbm,5.934857,3.904013,-3.605090
100,2,11,2154,lasso,5.785948,0.935449,-6.871995
100,2,11,2154,spo,5.863992,2.369965,-5.293310
100,2,12,2155,gbm,5.916138,4.082800,-2.679455
100,2,12,2155,lasso,5.765661,1.089441,-5.968771
100,2,12,2155,spo,5.840272,2.418798,-4.507979
100,2,13,2156,gbm,5.951796,4.969302,-2.436978
100,2,13,2156,lasso,5.727733,1.273054,-6.514310
100,2,13,2156,spo,5.771307,2.227896,-5.461024
100,2,14,2157,gbm,5.764381,3.141347,-3.662036
100,2,14,2157,lasso,5.608178,0.704870,-6.335682
100,2,14,2157,spo,5.712055,2.462280,-4.407204
100,2,15,2158,gbm,5.903804,4.158371,-2.937648
100,2,15,2158,lasso,5.725250,0.829278,-6.626105
100,2,15,2158,spo,5.811018,2.466609,-4.812030
100,2,16,2159,gbm,5.793069,3.290873,-3.459507
100,2,16,2159,lasso,5.671773,0.955203,-6.050250
100,2,16,2159,spo,5.751097,2.228246,-4.638181
100,2,17,2160,gbm,5.676471,3.859986,-2.953065
100,2,17,2160,lasso,5.506712,0.966794,-6.147697
100,2,17,2160,spo,5.561495,2.217506,-4.766674
100,2,18,2161,gbm,5.810193,3.400286,-3.638081
100,2,18,2161,lasso,5.676512,0.746604,-6.554954
100,2,18,2161,spo,5.789435,2.510580,-4.616027
100,2,19,2162,gbm,5.841340,4.238757,-2.937770
100,2,19,2162,lasso,5.618711,1.093185,-6.397513
100,2,19,2162,spo,5.750656,3.542937,-3.703087
100,2,20,2163,gbm,6.003066,4.631179,-2.210010
100,2,20,2163,lasso,5.764444,0.845920,-6.395171
100,2,20,2163,spo,5.823538,2.005636,-5.112933
100,2,21,2164,gbm,5.835705,3.341364,-3.599084
100,2,21,2164,lasso,5.731529,1.071106,-6.094321
100,2,21,2164,spo,5.783885,1.859468,-5.227834
100,2,22,2165,gbm,5.993192,4.868900,-2.288846
100,2,22,2165,lasso,5.779580,0.837096,-6.729191
100,2,22,2165,spo,5.862300,2.128658,-5.306756
100,2,23,2166,gbm,5.865595,4.931091,-2.132636
100,2,23,2166,lasso,5.658972,1.277418,-6.134912
100,2,23,2166,spo,5.743705,2.918005,-4.337793
100,2,24,2167,gbm,5.854874,4.464720,-2.864597
100,2,24,2167,lasso,5.687684,1.127584,-6.524617
100,2,24,2167,spo,5.795468,2.788591,-4.702900
100,2,25,2168,gbm,6.126155,4.845481,-2.509647
100,2,25,2168,lasso,5.894656,1.001818,-6.776854
100,2,25,2168,spo,5.958092,2.264105,-5.375473
100,2,26,2169,gbm,5.750938,3.469050,-3.770189
100,2,26,2169,lasso,5.618094,0.797038,-6.716972
100,2,26,2169,spo,5.737599,2.846928,-4.456286
100,2,27,2170,gbm,5.855385,4.753716,-1.819023
100,2,27,2170,lasso,5.631688,0.738583,-6.199190
100,2,27,2170,spo,5.666229,1.403460,-5.473866
100,2,28,2171,gbm,6.114690,3.590182,-2.354721
100,2,28,2171,lasso,6.002716,1.543101,-4.657357
100,2,28,2171,spo,6.044063,2.252329,-3.859590
100,2,29,2172,gbm,5.984264,3.965169,-3.740586
100,2,29,2172,lasso,5.826228,0.883105,-7.161530
100,2,29,2172,spo,5.913296,2.243648,-5.651392
100,2,30,2173,gbm,5.758801,3.338285,-3.382314
100,2,30,2173,lasso,5.630457,0.745833,-6.225193
100,2,30,2173,spo,5.687532,1.938619,-4.917185
100,2,31,2174,gbm,5.954275,4.440546,-2.620911
100,2,31,2174,lasso,5.736905,0.849722,-6.584187
100,2,31,2174,spo,5.866476,2.796672,-4.435293
100,2,32,2175,gbm,5.874324,3.728259,-3.095597
100,2,32,2175,lasso,5.676323,0.943801,-6.173403
100,2,32,2175,spo,5.721815,1.529911,-5.525544
100,2,33,2176,gbm,5.921116,4.631290,-2.139657
100,2,33,2176,lasso,5.689186,0.836940,-6.339490
100,2,33,2176,spo,5.759481,2.004967,-5.046641
100,2,34,2177,gbm,5.754053,3.671388,-3.004874
100,2,34,2177,lasso,5.565244,0.685840,-6.293394
100,2,34,2177,spo,5.653432,2.134265,-4.697984
100,2,35,2178,gbm,5.841701,3.799020,-3.223117
100,2,35,2178,lasso,5.675778,0.914561,-6.416856
100,2,35,2178,spo,5.700380,1.897086,-5.328982
100,2,36,2179,gbm,5.825366,3.458960,-3.593737
100,2,36,2179,lasso,5.683769,0.977599,-6.361048
100,2,36,2179,spo,5.775996,2.171033,-5.030083
100,2,37,2180,gbm,5.819072,3.505471,-3.535675
100,2,37,2180,lasso,5.669031,0.622942,-6.718116
100,2,37,2180,spo,5.798452,2.630619,-4.501551
100,2,38,2181,gbm,5.809229,4.089649,-2.710794
100,2,38,2181,lasso,5.598245,0.714369,-6.408267
100,2,38,2181,spo,5.699287,2.081795,-4.910311
100,2,39,2182,gbm,6.074239,4.584049,-2.441750
100,2,39,2182,lasso,5.826435,0.806534,-6.636709
100,2,39,2182,spo,5.990159,3.423212,-3.730869
100,2,40,2183,gbm,6.006109,3.865758,-2.694743
100,2,40,2183,lasso,5.825894,0.835136,-6.061460
100,2,40,2183,spo,5.910852,2.070232,-4.689393
100,2,41,2184,gbm,5.967301,5.385706,-1.364098
100,2,41,2184,lasso,5.708490,0.879547,-6.357775
100,2,41,2184,spo,5.765459,2.421929,-4.648524
100,2,42,2185,gbm,5.842771,4.676685,-2.753895
100,2,42,2185,lasso,5.647903,0.787578,-6.955969
100,2,42,2185,spo,5.701658,2.411301,-5.201581
100,2,43,2186,gbm,5.958963,2.879450,-4.278109
100,2,43,2186,lasso,5.830950,0.581597,-6.827456
100,2,43,2186,spo,5.830368,1.333120,-5.993681
100,2,44,2187,gbm,6.139055,3.467802,-3.445596
100,2,44,2187,lasso,6.016984,1.126199,-6.062486
100,2,44,2187,spo,6.100711,2.502731,-4.524124
100,2,45,2188,gbm,6.019321,4.483532,-2.837779
100,2,45,2188,lasso,5.841182,1.049657,-6.661214
100,2,45,2188,spo,5.909802,2.698817,-4.824963
100,2,46,2189,gbm,6.032481,3.668581,-3.883044
100,2,46,2189,lasso,5.935522,1.614052,-6.189681
100,2,46,2189,spo,5.963284,2.319343,-5.397845
100,2,47,2190,gbm,6.022205,4.211094,-2.709591
100,2,47,2190,lasso,5.838229,1.425159,-5.782652
100,2,47,2190,spo,5.926558,2.778147,-4.290222
100,2,48,2191,gbm,5.837487,4.616325,-1.912035
100,2,48,2191,lasso,5.672856,1.425047,-5.438240
100,2,48,2191,spo,5.718095,2.677078,-4.054808
100,2,49,2192,gbm,5.996618,3.496721,-3.470032
100,2,49,2192,lasso,5.809811,0.637791,-6.650671
100,2,49,2192,spo,5.923638,2.127398,-4.993442
100,4,0,4143,gbm,3.902928,9.337941,4.043234
100,4,0,4143,lasso,3.686339,3.398301,-2.272250
100,4,0,4143,spo,3.636872,2.435413,-3.296066
100,4,1,4144,gbm,4.046241,6.857142,1.627171
100,4,1,4144,lasso,3.889477,2.556217,-2.936394
100,4,1,4144,spo,3.861618,2.276338,-3.233363
100,4,2,4145,gbm,4.186636,8.172256,2.851047
100,4,2,4145,lasso,3.996219,3.121262,-2.524721
100,4,2,4145,spo,3.965526,2.827870,-2.836978
100,4,3,4146,gbm,4.369408,7.500377,1.156216
100,4,3,4146,lasso,4.190623,2.633608,-4.086651
100,4,3,4146,spo,4.195817,3.143674,-3.537167
100,4,4,4147,gbm,4.400432,6.883887,1.439890
100,4,4,4147,lasso,4.235096,3.155458,-2.585640
100,4,4,4147,spo,4.225594,2.887973,-2.874439
100,4,5,4148,gbm,3.896589,6.736996,0.794157
100,4,5,4148,lasso,3.766604,2.728377,-3.488547
100,4,5,4148,spo,3.778341,3.167060,-3.019870
100,4,6,4149,gbm,4.447088,5.875942,-0.737732
100,4,6,4149,lasso,4.301447,2.092299,-4.802934
100,4,6,4149,spo,4.307083,2.057904,-4.839889
100,4,7,4150,gbm,3.856988,7.831323,2.408162
100,4,7,4150,lasso,3.673803,2.808379,-2.951905
100,4,7,4150,spo,3.696884,3.611243,-2.095155
100,4,8,4151,gbm,4.339950,6.209848,0.085852
100,4,8,4151,lasso,4.210954,2.569634,-3.811053
100,4,8,4151,spo,4.193615,2.149111,-4.261229
100,4,9,4152,gbm,4.039734,5.932752,0.424870
100,4,9,4152,lasso,3.894186,2.635182,-3.107776
100,4,9,4152,spo,3.908941,2.543909,-3.205555
100,4,10,4153,gbm,4.459230,7.567745,1.270549
100,4,10,4153,lasso,4.270451,2.334017,-4.335690
100,4,10,4153,spo,4.245538,2.232760,-4.444155
100,4,11,4154,gbm,3.703754,7.165946,1.699023
100,4,11,4154,lasso,3.568979,2.881156,-2.836983
100,4,11,4154,spo,3.533103,1.991542,-3.778755
100,4,12,4155,gbm,4.429858,6.535575,0.239327
100,4,12,4155,lasso,4.248871,2.010229,-4.622963
100,4,12,4155,spo,4.253834,2.081386,-4.546507
100,4,13,4156,gbm,3.893124,5.798458,0.020537
100,4,13,4156,lasso,3.778044,2.587819,-3.427201
100,4,13,4156,spo,3.775779,2.242769,-3.797731
100,4,14,4157,gbm,4.189342,7.176346,1.582409
100,4,14,4157,lasso,4.050943,3.613896,-2.207916
100,4,14,4157,spo,4.075852,4.315925,-1.460981
100,4,15,4158,gbm,4.273267,6.824619,1.003063
100,4,15,4158,lasso,4.124381,3.513397,-2.573405
100,4,15,4158,spo,4.114227,2.699186,-3.452838
100,4,16,4159,gbm,4.529138,7.813870,1.714177
100,4,16,4159,lasso,4.474732,6.060320,-0.158540
100,4,16,4159,spo,4.308585,2.779302,-3.662529
100,4,17,4160,gbm,4.258727,6.465418,0.339068
100,4,17,4160,lasso,4.146815,3.217342,-3.113335
100,4,17,4160,spo,4.095052,2.179939,-4.215998
100,4,18,4161,gbm,4.064180,6.436218,0.999428
100,4,18,4161,lasso,3.914047,2.056816,-3.625406
100,4,18,4161,spo,3.918003,2.153393,-3.523416
100,4,19,4162,gbm,4.256442,6.359820,0.026532
100,4,19,4162,lasso,4.108148,3.134834,-3.400709
100,4,19,4162,spo,4.095998,3.171970,-3.361243
100,4,20,4163,gbm,4.237829,6.463649,0.169155
100,4,20,4163,lasso,4.039977,2.358172,-4.233758
100,4,20,4163,spo,4.072487,3.063078,-3.477783
100,4,21,4164,gbm,4.139819,7.913841,2.407996
100,4,21,4164,lasso,3.905210,2.202343,-3.721956
100,4,21,4164,spo,3.939408,2.948330,-2.921315
100,4,22,4165,gbm,3.939880,8.945098,3.146562
100,4,22,4165,lasso,3.779791,3.946194,-2.179475
100,4,22,4165,spo,3.732119,3.032976,-3.152455
100,4,23,4166,gbm,4.100843,8.118775,2.144771
100,4,23,4166,lasso,3.929511,3.406457,-2.863373
100,4,23,4166,spo,3.917005,2.766619,-3.543380
100,4,24,4167,gbm,3.857806,8.779163,2.977790
100,4,24,4167,lasso,3.663762,3.022107,-3.102592
100,4,24,4167,spo,3.663531,3.349723,-2.756576
100,4,25,4168,gbm,3.962009,6.351036,0.179375
100,4,25,4168,lasso,3.824380,2.858044,-3.545217
100,4,25,4168,spo,3.799200,1.886630,-4.581040
100,4,26,4169,gbm,4.440644,8.658367,2.910026
100,4,26,4169,lasso,4.256597,3.765346,-2.355341
100,4,26,4169,spo,4.254335,3.653264,-2.475952
100,4,27,4170,gbm,4.186162,6.867958,0.129914
100,4,27,4170,lasso,4.003752,2.696407,-4.322934
100,4,27,4170,spo,4.050722,3.919379,-3.017494
100,4,28,4171,gbm,4.406084,7.463739,1.491529
100,4,28,4171,lasso,4.188792,2.561302,-3.747522
100,4,28,4171,spo,4.173034,2.401696,-3.918086
100,4,29,4172,gbm,4.021980,7.766668,2.530488
100,4,29,4172,lasso,3.896380,4.161938,-1.265040
100,4,29,4172,spo,3.850535,2.994408,-2.494366
100,4,30,4173,gbm,4.178045,6.706754,0.357763
100,4,30,4173,lasso,4.059393,3.764886,-2.767020
100,4,30,4173,spo,4.050973,3.576864,-2.966732
100,4,31,4174,gbm,4.325510,8.041651,2.183693
100,4,31,4174,lasso,4.125933,3.086592,-3.155156
100,4,31,4174,spo,4.162144,4.444940,-1.691597
100,4,32,4175,gbm,4.092164,6.910511,0.096736
100,4,32,4175,lasso,3.912179,2.340664,-4.759453
100,4,32,4175,spo,3.941710,2.758065,-4.315898
100,4,33,4176,gbm,3.716142,10.578410,5.786372
100,4,33,4176,lasso,3.450791,2.534694,-2.676807
100,4,33,4176,spo,3.432473,2.248610,-2.977810
100,4,34,4177,gbm,4.234073,7.133736,0.885329
100,4,34,4177,lasso,4.113490,4.158492,-2.313019
100,4,34,4177,spo,4.072934,3.042459,-3.512740
100,4,35,4178,gbm,3.956946,6.324949,0.507019
100,4,35,4178,lasso,3.819183,2.745473,-3.301684
100,4,35,4178,spo,3.799243,2.347502,-3.725141
100,4,36,4179,gbm,4.239576,6.709340,0.065302
100,4,36,4179,lasso,4.074651,2.428946,-4.505992
100,4,36,4179,spo,4.146537,3.918355,-2.915362
100,4,37,4180,gbm,4.136499,8.572628,2.031174
100,4,37,4180,lasso,3.938722,2.744690,-4.184693
100,4,37,4180,spo,3.977976,3.561558,-3.313452
100,4,38,4181,gbm,4.181612,7.030567,1.505369
100,4,38,4181,lasso,3.984997,1.865914,-3.950234
100,4,38,4181,spo,4.061845,3.760522,-1.948894
100,4,39,4182,gbm,4.385304,7.363739,1.497406
100,4,39,4182,lasso,4.173471,2.566719,-3.556612
100,4,39,4182,spo,4.165472,2.365826,-3.768268
100,4,40,4183,gbm,3.973735,8.967357,3.134262
100,4,40,4183,lasso,3.759129,2.928200,-3.294009
100,4,40,4183,spo,3.748961,2.548793,-3.697862
100,4,41,4184,gbm,4.182245,8.472807,2.696584
100,4,41,4184,lasso,4.011859,3.984394,-2.126307
100,4,41,4184,spo,3.948507,2.484765,-3.737689
100,4,42,4185,gbm,4.271936,8.010160,2.157171
100,4,42,4185,lasso,4.134353,4.419749,-1.653118
100,4,42,4185,spo,4.096904,3.744232,-2.370004
100,4,43,4186,gbm,3.914093,5.843002,-0.269276
100,4,43,4186,lasso,3.815179,2.806780,-3.522869
100,4,43,4186,spo,3.825750,3.098144,-3.210646
100,4,44,4187,gbm,4.028273,6.905437,0.969462
100,4,44,4187,lasso,3.856328,2.857945,-3.313746
100,4,44,4187,spo,3.884223,3.995792,-2.109634
100,4,45,4188,gbm,4.288210,7.878812,2.240949
100,4,45,4188,lasso,4.092489,3.178871,-2.774224
100,4,45,4188,spo,4.122579,4.443146,-1.425151
100,4,46,4189,gbm,4.313002,6.244715,0.048467
100,4,46,4189,lasso,4.164181,2.389001,-4.064678
100,4,46,4189,spo,4.177588,2.773826,-3.654160
100,4,47,4190,gbm,4.148673,5.501232,-0.995741
100,4,47,4190,lasso,4.066056,2.788145,-3.925485
100,4,47,4190,spo,4.051587,3.138968,-3.546646
100,4,48,4191,gbm,3.964166,7.263551,1.153188
100,4,48,4191,lasso,3.772047,2.655943,-3.730418
100,4,48,4191,spo,3.790049,2.522619,-3.871728
100,4,49,4192,gbm,4.696819,8.259693,2.529247
100,4,49,4192,lasso,4.486655,3.688904,-2.326287
100,4,49,4192,spo,4.463669,2.942794,-3.118877
100,6,0,6143,gbm,4.243145,16.700832,11.200808
100,6,0,6143,lasso,4.061985,12.451093,6.670482
100,6,0,6143,spo,3.924514,8.606148,2.571678
100,6,1,6144,gbm,3.706942,15.853638,11.778365
100,6,1,6144,lasso,3.591282,12.519765,8.306659
100,6,1,6144,spo,3.400800,6.009068,1.526788
100,6,2,6145,gbm,4.078854,12.049228,6.677745
100,6,2,6145,lasso,3.866950,6.442258,0.768777
100,6,2,6145,spo,3.846375,5.812297,0.104885
100,6,3,6146,gbm,4.762469,13.971137,10.844230
100,6,3,6146,lasso,4.395335,4.964798,1.169987
100,6,3,6146,spo,4.292536,2.990401,-0.950830
100,6,4,6147,gbm,3.769424,16.937638,12.377813
100,6,4,6147,lasso,3.447543,6.981824,1.881042
100,6,4,6147,spo,3.437912,6.181926,1.037680
100,6,5,6148,gbm,3.670426,14.519174,10.414999
100,6,5,6148,lasso,3.481143,8.802334,4.301531
100,6,5,6148,spo,3.435563,7.403011,2.805125
100,6,6,6149,gbm,3.329267,13.744107,7.929440
100,6,6,6149,lasso,3.276139,11.621388,5.692116
100,6,6,6149,spo,3.100671,6.182787,-0.040115
100,6,7,6150,gbm,4.053562,19.105181,14.081146
100,6,7,6150,lasso,3.824619,12.478797,7.136900
100,6,7,6150,spo,3.615549,6.303640,0.665526
100,6,8,6151,gbm,3.829265,20.656975,14.933636
100,6,8,6151,lasso,3.585306,12.360470,6.201289
100,6,8,6151,spo,3.493268,9.024151,2.689702
100,6,9,6152,gbm,3.284808,15.228261,11.296180
100,6,9,6152,lasso,3.053144,7.675012,3.364174
100,6,9,6152,spo,3.023167,6.618957,2.255164
100,6,10,6153,gbm,4.084713,14.763965,9.528914
100,6,10,6153,lasso,4.090881,14.596629,9.350337
100,6,10,6153,spo,3.862841,8.491716,2.835326
100,6,11,6154,gbm,3.582254,14.374093,10.277322
100,6,11,6154,lasso,3.440099,9.469232,5.117488
100,6,11,6154,spo,3.293092,5.116772,0.538771
100,6,12,6155,gbm,3.976201,16.061749,11.293296
100,6,12,6155,lasso,3.854442,11.773817,6.745069
100,6,12,6155,spo,3.694569,7.969927,2.710268
100,6,13,6156,gbm,3.224656,11.470824,6.408313
100,6,13,6156,lasso,3.022284,4.414192,-0.957705
100,6,13,6156,spo,3.016241,4.044530,-1.343574
100,6,14,6157,gbm,3.359716,11.124856,6.188402
100,6,14,6157,lasso,3.261371,7.957075,2.894347
100,6,14,6157,spo,3.173428,5.453210,0.290673
100,6,15,6158,gbm,3.615810,12.184649,8.466724
100,6,15,6158,lasso,3.497670,9.316089,5.436024
100,6,15,6158,spo,3.407955,6.831431,2.810926
100,6,16,6159,gbm,4.392743,19.553868,15.334439
100,6,16,6159,lasso,4.255146,14.767837,10.200195
100,6,16,6159,spo,4.027902,9.050418,4.066797
100,6,17,6160,gbm,3.907148,19.293279,15.165620
100,6,17,6160,lasso,3.731421,14.783286,10.379086
100,6,17,6160,spo,3.442765,6.247276,1.319671
100,6,18,6161,gbm,4.592604,16.493231,11.078682
100,6,18,6161,lasso,4.380296,10.471114,4.679812
100,6,18,6161,spo,4.248450,6.976725,0.966809
100,6,19,6162,gbm,4.548332,12.049698,6.583176
100,6,19,6162,lasso,4.462413,9.428982,3.792523
100,6,19,6162,spo,4.256377,4.786414,-1.151087
100,6,20,6163,gbm,3.728473,15.134326,10.825984
100,6,20,6163,lasso,3.492327,6.929943,2.252155
100,6,20,6163,spo,3.448544,5.770044,1.040026
100,6,21,6164,gbm,4.136819,20.246234,14.826906
100,6,21,6164,lasso,3.760250,9.430249,3.419721
100,6,21,6164,spo,3.659592,5.756393,-0.454948
100,6,22,6165,gbm,3.854208,12.793488,7.477984
100,6,22,6165,lasso,3.644502,6.994903,1.286609
100,6,22,6165,spo,3.601672,5.577257,-0.227067
100,6,23,6166,gbm,3.764795,15.198564,10.097559
100,6,23,6166,lasso,3.931177,20.006986,15.165345
100,6,23,6166,spo,3.509911,7.668996,2.161848
100,6,24,6167,gbm,3.513640,13.172929,8.402532
100,6,24,6167,lasso,3.382951,9.632491,4.662406
100,6,24,6167,spo,3.316443,6.685001,1.548671
100,6,25,6168,gbm,4.061031,13.543223,8.539587
100,6,25,6168,lasso,3.939618,10.100048,4.880725
100,6,25,6168,spo,3.921442,8.703917,3.397139
100,6,26,6169,gbm,3.233783,14.018228,9.257657
100,6,26,6169,lasso,3.046710,7.738649,2.728846
100,6,26,6169,spo,2.991655,5.693567,0.602595
100,6,27,6170,gbm,3.660599,15.114301,9.642601
100,6,27,6170,lasso,3.493545,10.114391,4.426735
100,6,27,6170,spo,3.385214,6.701183,0.866103
100,6,28,6171,gbm,3.993912,12.002565,6.118387
100,6,28,6171,lasso,3.979392,11.204726,5.274451
100,6,28,6171,spo,3.781284,5.450929,-0.811786
100,6,29,6172,gbm,3.810977,14.965996,10.773981
100,6,29,6172,lasso,3.531110,6.650643,1.934578
100,6,29,6172,spo,3.455757,4.801263,-0.031353
100,6,30,6173,gbm,3.612881,15.428894,10.043970
100,6,30,6173,lasso,3.350031,6.622985,0.771431
100,6,30,6173,spo,3.321743,5.686972,-0.214182
100,6,31,6174,gbm,4.087629,15.038937,9.937496
100,6,31,6174,lasso,3.883208,9.281230,3.873125
100,6,31,6174,spo,3.818542,7.318939,1.806320
100,6,32,6175,gbm,3.443952,13.449877,8.971348
100,6,32,6175,lasso,3.240827,5.973256,1.155088
100,6,32,6175,spo,3.165533,3.856359,-1.057973
100,6,33,6176,gbm,3.609762,14.791699,10.056111
100,6,33,6176,lasso,3.439025,10.240953,5.257199
100,6,33,6176,spo,3.315670,5.664052,0.430706
100,6,34,6177,gbm,3.303317,11.384502,6.607853
100,6,34,6177,lasso,3.186253,6.768125,1.739892
100,6,34,6177,spo,3.099005,4.613042,-0.532640
100,6,35,6178,gbm,4.077954,16.183405,11.345602
100,6,35,6178,lasso,3.867396,10.504777,5.341649
100,6,35,6178,spo,3.761183,5.938478,0.513749
100,6,36,6179,gbm,3.979571,15.469429,10.537391
100,6,36,6179,lasso,3.726896,8.127541,2.788831
100,6,36,6179,spo,3.642272,4.501107,-1.038473
100,6,37,6180,gbm,3.993650,12.146179,7.131423
100,6,37,6180,lasso,3.791773,7.201026,1.889677
100,6,37,6180,spo,3.816117,7.454156,2.157989
100,6,38,6181,gbm,4.304110,12.831390,7.395559
100,6,38,6181,lasso,4.171660,9.341608,3.727924
100,6,38,6181,spo,4.126068,7.945034,2.260174
100,6,39,6182,gbm,3.709679,16.794406,12.985658
100,6,39,6182,lasso,3.632108,13.354126,9.365045
100,6,39,6182,spo,3.391321,6.469959,2.120023
100,6,40,6183,gbm,4.215447,14.312531,9.255597
100,6,40,6183,lasso,4.174927,12.717502,7.563570
100,6,40,6183,spo,3.837638,3.649507,-2.055872
100,6,41,6184,gbm,3.970364,13.018893,7.704630
100,6,41,6184,lasso,3.754014,7.252345,1.682747
100,6,41,6184,spo,3.690229,4.928256,-0.744249
100,6,42,6185,gbm,3.965223,12.983633,7.732004
100,6,42,6185,lasso,3.769344,8.170763,2.634963
100,6,42,6185,spo,3.698152,5.877104,0.205878
100,6,43,6186,gbm,3.595847,16.313214,11.833994
100,6,43,6186,lasso,3.409918,11.658556,6.994964
100,6,43,6186,spo,3.199933,3.896055,-1.075010
100,6,44,6187,gbm,4.020324,14.538019,9.621235
100,6,44,6187,lasso,3.980228,13.235566,8.249153
100,6,44,6187,spo,3.730769,7.283179,1.978547
100,6,45,6188,gbm,3.740717,13.346401,8.716296
100,6,45,6188,lasso,3.542429,6.906566,1.966053
100,6,45,6188,spo,3.522517,6.386161,1.420563
100,6,46,6189,gbm,3.716701,16.952518,12.569960
100,6,46,6189,lasso,3.516597,9.642390,4.860665
100,6,46,6189,spo,3.368165,4.890060,-0.151164
100,6,47,6190,gbm,4.033118,13.407252,8.516906
100,6,47,6190,lasso,3.959812,10.720691,5.649916
100,6,47,6190,spo,3.813843,7.187840,1.879799
100,6,48,6191,gbm,3.333230,17.753463,13.084538
100,6,48,6191,lasso,3.214012,13.436595,8.586736
100,6,48,6191,spo,3.012334,6.228414,1.076436
100,6,49,6192,gbm,4.336436,18.985442,14.708018
100,6,49,6192,lasso,3.992746,10.464695,5.727588
100,6,49,6192,spo,3.897310,7.984231,3.113307
100,8,0,8143,gbm,4.768359,32.385362,28.754716
100,8,0,8143,lasso,4.211913,14.261178,9.952944
100,8,0,8143,spo,4.048331,11.581364,7.172943
100,8,1,8144,gbm,4.368427,24.670068,19.806337
100,8,1,8144,lasso,4.082953,18.106210,12.975643
100,8,1,8144,spo,3.793603,8.562256,3.043704
100,8,2,8145,gbm,3.994711,26.107178,21.908537
100,8,2,8145,lasso,3.682836,16.932609,12.284108
100,8,2,8145,spo,3.476085,9.105704,4.073422
100,8,3,8146,gbm,5.202344,28.934536,25.399382
100,8,3,8146,lasso,4.961217,20.238839,16.400596
100,8,3,8146,spo,4.500359,9.772058,5.568993
100,8,4,8147,gbm,4.131795,17.304263,13.651035
100,8,4,8147,lasso,4.012679,14.885742,11.148485
100,8,4,8147,spo,3.764065,7.734061,3.748329
100,8,5,8148,gbm,3.367353,35.372331,31.145076
100,8,5,8148,lasso,3.221935,30.067521,25.680429
100,8,5,8148,spo,2.949633,18.882717,14.158621
100,8,6,8149,gbm,4.958968,46.206367,43.714416
100,8,6,8149,lasso,4.167252,23.929689,20.147524
100,8,6,8149,spo,3.592865,7.570804,2.841171
100,8,7,8150,gbm,5.041073,26.963708,24.059304
100,8,7,8150,lasso,4.935305,23.940624,20.888044
100,8,7,8150,spo,4.521411,13.767711,10.216507
100,8,8,8151,gbm,3.530108,29.924478,25.602095
100,8,8,8151,lasso,3.804269,41.750057,37.923963
100,8,8,8151,spo,3.230194,19.555745,14.798213
100,8,9,8152,gbm,3.067614,27.569225,23.608686
100,8,9,8152,lasso,2.781063,16.368251,11.986761
100,8,9,8152,spo,2.621475,9.429584,4.787328
100,8,10,8153,gbm,4.952236,30.629670,26.678852
100,8,10,8153,lasso,5.159801,35.777383,32.075677
100,8,10,8153,spo,4.208405,11.122352,6.227521
100,8,11,8154,gbm,3.534129,29.510921,26.099244
100,8,11,8154,lasso,3.271780,20.010346,16.149386
100,8,11,8154,spo,3.045026,10.991668,6.704216
100,8,12,8155,gbm,4.355053,28.908854,25.158272
100,8,12,8155,lasso,4.445196,31.145619,27.469297
100,8,12,8155,spo,3.773511,11.205617,6.867293
100,8,13,8156,gbm,4.461558,23.794389,19.463918
100,8,13,8156,lasso,4.287025,21.474505,17.054745
100,8,13,8156,spo,3.940072,10.738964,5.906009
100,8,14,8157,gbm,4.649058,28.837553,25.223543
100,8,14,8157,lasso,4.270830,16.815757,12.539540
100,8,14,8157,spo,3.961479,7.924661,3.158688
100,8,15,8158,gbm,4.398524,25.361303,21.733411
100,8,15,8158,lasso,4.127583,16.740326,12.618933
100,8,15,8158,spo,3.952388,12.031774,7.640844
100,8,16,8159,gbm,3.790103,23.426331,20.120160
100,8,16,8159,lasso,3.764032,22.867328,19.536979
100,8,16,8159,spo,3.392102,10.095973,6.213215
100,8,17,8160,gbm,5.426222,33.945084,30.587392
100,8,17,8160,lasso,5.631890,39.080377,35.885955
100,8,17,8160,spo,4.799815,17.916038,14.048719
100,8,18,8161,gbm,4.747308,38.864948,35.869963
100,8,18,8161,lasso,4.133595,22.300533,18.422339
100,8,18,8161,spo,3.680950,8.721938,4.119738
100,8,19,8162,gbm,3.256513,26.979911,23.194349
100,8,19,8162,lasso,3.040755,18.692893,14.566687
100,8,19,8162,spo,2.875337,11.879811,7.473547
100,8,20,8163,gbm,4.741980,26.119816,21.024107
100,8,20,8163,lasso,4.440509,19.590914,14.081605
100,8,20,8163,spo,4.028519,9.246502,3.081883
100,8,21,8164,gbm,3.961439,31.667177,27.653651
100,8,21,8164,lasso,3.597783,17.617726,12.810009
100,8,21,8164,spo,3.397933,11.306907,6.142451
100,8,22,8165,gbm,4.427897,22.543072,18.265368
100,8,22,8165,lasso,4.572747,26.112435,22.053491
100,8,22,8165,spo,4.001657,9.646475,4.578357
100,8,23,8166,gbm,5.443721,29.279996,25.543607
100,8,23,8166,lasso,5.459615,28.913005,25.156394
100,8,23,8166,spo,4.741858,14.555545,10.007812
100,8,24,8167,gbm,4.730334,35.510157,31.804775
100,8,24,8167,lasso,3.956276,14.000266,9.443663
100,8,24,8167,spo,3.757683,8.150912,3.362830
100,8,25,8168,gbm,3.304561,22.708039,18.635423
100,8,25,8168,lasso,3.800167,39.444353,35.999014
100,8,25,8168,spo,2.939580,9.524241,4.957496
100,8,26,8169,gbm,4.204071,19.993554,16.031862
100,8,26,8169,lasso,4.150088,18.849455,14.842610
100,8,26,8169,spo,3.871825,11.189838,6.880705
100,8,27,8170,gbm,4.191501,28.922779,24.555654
100,8,27,8170,lasso,3.890384,18.556847,13.712279
100,8,27,8170,spo,3.693391,14.497564,9.466030
100,8,28,8171,gbm,3.675064,26.961033,24.490451
100,8,28,8171,lasso,3.344681,15.408243,12.453927
100,8,28,8171,spo,3.161594,9.009813,5.787584
100,8,29,8172,gbm,4.466789,32.225807,28.317993
100,8,29,8172,lasso,4.344321,26.058284,21.884045
100,8,29,8172,spo,3.843413,11.534641,6.733009
100,8,30,8173,gbm,4.102178,26.132852,23.106632
100,8,30,8173,lasso,3.717918,16.012969,12.340088
100,8,30,8173,spo,3.610830,12.743795,8.862014
100,8,31,8174,gbm,4.511538,21.453596,18.309009
100,8,31,8174,lasso,4.293446,15.447399,12.003466
100,8,31,8174,spo,4.077439,9.430051,5.686216
100,8,32,8175,gbm,4.027699,29.133480,26.344591
100,8,32,8175,lasso,3.935724,25.057149,22.102843
100,8,32,8175,spo,3.540693,13.481448,10.057400
100,8,33,8176,gbm,4.159603,26.720740,23.174067
100,8,33,8176,lasso,3.885440,19.205193,15.283066
100,8,33,8176,spo,3.544213,9.702099,5.305225
100,8,34,8177,gbm,2.909725,24.515939,21.246500
100,8,34,8177,lasso,2.887711,25.169956,21.928384
100,8,34,8177,spo,2.610683,14.765289,11.080378
100,8,35,8178,gbm,4.288507,37.033117,33.476828
100,8,35,8178,lasso,4.168795,34.041817,30.345287
100,8,35,8178,spo,3.433325,10.501133,5.700939
100,8,36,8179,gbm,4.674911,27.221542,24.652393
100,8,36,8179,lasso,4.387892,20.932762,18.047774
100,8,36,8179,spo,4.061224,11.069623,7.689283
100,8,37,8180,gbm,3.859742,28.265549,25.233149
100,8,37,8180,lasso,3.910303,29.802315,26.861687
100,8,37,8180,spo,3.152163,5.563685,1.175602
100,8,38,8181,gbm,5.433058,21.576421,16.740937
100,8,38,8181,lasso,5.286924,17.570399,12.492659
100,8,38,8181,spo,4.986622,9.118708,3.529869
100,8,39,8182,gbm,4.678506,18.208775,13.188637
100,8,39,8182,lasso,4.382053,11.747012,6.474596
100,8,39,8182,spo,4.204442,7.218610,1.769398
100,8,40,8183,gbm,4.972998,14.258569,10.183289
100,8,40,8183,lasso,4.920945,13.315497,9.176722
100,8,40,8183,spo,5.072347,18.322241,14.520558
100,8,41,8184,gbm,3.905694,20.704914,17.917414
100,8,41,8184,lasso,3.760646,16.276229,13.310970
100,8,41,8184,spo,3.503170,7.869125,4.566421
100,8,42,8185,gbm,3.911043,23.420170,18.744017
100,8,42,8185,lasso,3.655322,16.326503,11.474039
100,8,42,8185,spo,3.654081,14.621359,9.726515
100,8,43,8186,gbm,3.972189,28.365771,24.107142
100,8,43,8186,lasso,3.793214,19.896192,15.146441
100,8,43,8186,spo,3.399837,10.035393,4.713848
100,8,44,8187,gbm,4.893038,41.314988,38.149463
100,8,44,8187,lasso,4.332877,25.493085,21.693625
100,8,44,8187,spo,3.956826,14.012628,9.753181
100,8,45,8188,gbm,4.728911,28.939423,23.771221
100,8,45,8188,lasso,4.491603,21.814239,16.223776
100,8,45,8188,spo,4.010664,8.948075,2.595122
100,8,46,8189,gbm,2.779936,19.664425,16.367093
100,8,46,8189,lasso,2.863410,22.691669,19.528040
100,8,46,8189,spo,2.596529,11.341792,7.676878
100,8,47,8190,gbm,4.314106,20.216166,16.356721
100,8,47,8190,lasso,4.111559,15.095571,10.954279
100,8,47,8190,spo,3.856145,8.584804,4.085149
100,8,48,8191,gbm,4.494388,22.816222,17.559397
100,8,48,8191,lasso,4.563165,26.399690,21.316436
100,8,48,8191,spo,4.045438,10.661150,4.815577
100,8,49,8192,gbm,3.933002,18.877834,15.594076
100,8,49,8192,lasso,3.863481,17.068941,13.676780
100,8,49,8192,spo,3.640349,10.667420,6.891630
1000,1,0,1143,gbm,8.429249,0.845943,-5.100921
1000,1,0,1143,lasso,8.360524,0.102643,-5.954738
1000,1,0,1143,spo,8.397940,0.443760,-5.562902
1000,1,1,1144,gbm,8.522430,0.993606,-5.056123
1000,1,1,1144,lasso,8.455149,0.105751,-6.075582
1000,1,1,1144,spo,8.507995,0.690848,-5.403758
1000,1,2,1145,gbm,8.556626,0.854811,-4.717274
1000,1,2,1145,lasso,8.479455,0.128930,-5.556441
1000,1,2,1145,spo,8.536685,0.731366,-4.859985
1000,1,3,1146,gbm,8.550419,1.003987,-4.491308
1000,1,3,1146,lasso,8.512897,0.156619,-5.471878
1000,1,3,1146,spo,8.544113,0.703594,-4.838921
1000,1,4,1147,gbm,8.534427,1.026862,-4.721900
1000,1,4,1147,lasso,8.452132,0.113853,-5.778428
1000,1,4,1147,spo,8.530629,0.841914,-4.935921
1000,1,5,1148,gbm,8.573652,1.051232,-4.416323
1000,1,5,1148,lasso,8.487370,0.220065,-5.375828
1000,1,5,1148,spo,8.543779,0.737652,-4.778322
1000,1,6,1149,gbm,8.518916,0.712604,-5.075286
1000,1,6,1149,lasso,8.456361,0.095597,-5.786002
1000,1,6,1149,spo,8.456409,0.685022,-5.107057
1000,1,7,1150,gbm,8.605806,0.856594,-4.914880
1000,1,7,1150,lasso,8.528444,0.114014,-5.774743
1000,1,7,1150,spo,8.560585,0.770691,-5.014350
1000,1,8,1151,gbm,8.376717,0.766649,-5.168564
1000,1,8,1151,lasso,8.330785,0.132976,-5.896388
1000,1,8,1151,spo,8.386872,0.826379,-5.099960
1000,1,9,1152,gbm,8.437967,0.883504,-4.900089
1000,1,9,1152,lasso,8.353403,0.138098,-5.761823
1000,1,9,1152,spo,8.429890,0.768404,-5.033151
1000,1,10,1153,gbm,8.393329,0.833430,-5.185825
1000,1,10,1153,lasso,8.378275,0.116800,-6.012721
1000,1,10,1153,spo,8.400295,0.711568,-5.326438
1000,1,11,1154,gbm,8.450746,0.685037,-5.186973
1000,1,11,1154,lasso,8.404406,0.079939,-5.887770
1000,1,11,1154,spo,8.448884,0.643385,-5.235212
1000,1,12,1155,gbm,8.613424,1.007590,-4.427594
1000,1,12,1155,lasso,8.543474,0.141995,-5.434306
1000,1,12,1155,spo,8.608234,1.196119,-4.208330
1000,1,13,1156,gbm,8.501522,0.914513,-4.940486
1000,1,13,1156,lasso,8.429087,0.106028,-5.869563
1000,1,13,1156,spo,8.483498,0.486206,-5.432679
1000,1,14,1157,gbm,8.543203,0.669710,-4.313510
1000,1,14,1157,lasso,8.471513,0.106747,-4.968702
1000,1,14,1157,spo,8.478212,0.446514,-4.573271
1000,1,15,1158,gbm,8.646069,1.006684,-4.295528
1000,1,15,1158,lasso,8.550947,0.102301,-5.342575
1000,1,15,1158,spo,8.627892,0.957529,-4.352437
1000,1,16,1159,gbm,8.554743,0.852856,-4.856113
1000,1,16,1159,lasso,8.488663,0.083189,-5.743072
1000,1,16,1159,spo,8.512755,0.498360,-5.264633
1000,1,17,1160,gbm,8.552555,0.923454,-4.568504
1000,1,17,1160,lasso,8.493072,0.198649,-5.406261
1000,1,17,1160,spo,8.536221,0.717220,-4.806877
1000,1,18,1161,gbm,8.592095,1.040267,-3.920579
1000,1,18,1161,lasso,8.575749,0.220266,-4.883301
1000,1,18,1161,spo,8.641192,1.047175,-3.912469
1000,1,19,1162,gbm,8.465928,0.880670,-5.125497
1000,1,19,1162,lasso,8.410976,0.139572,-5.977332
1000,1,19,1162,spo,8.441289,0.488333,-5.576458
1000,1,20,1163,gbm,8.348558,0.879941,-5.447947
1000,1,20,1163,lasso,8.326029,0.156194,-6.279921
1000,1,20,1163,spo,8.364477,0.523761,-5.857389
1000,1,21,1164,gbm,8.582871,0.878778,-4.700618
1000,1,21,1164,lasso,8.506604,0.172234,-5.519747
1000,1,21,1164,spo,8.560526,0.740511,-4.860917
1000,1,22,1165,gbm,8.549546,1.002983,-4.678834
1000,1,22,1165,lasso,8.498098,0.109564,-5.709432
1000,1,22,1165,spo,8.507517,0.534865,-5.218828
1000,1,23,1166,gbm,8.628947,0.983459,-4.186556
1000,1,23,1166,lasso,8.591471,0.117512,-5.195036
1000,1,23,1166,spo,8.626041,0.650902,-4.573851
1000,1,24,1167,gbm,8.448521,0.836639,-5.136711
1000,1,24,1167,lasso,8.391036,0.063062,-6.027835
1000,1,24,1167,spo,8.413544,0.428645,-5.606701
1000,1,25,1168,gbm,8.530762,0.807691,-4.655146
1000,1,25,1168,lasso,8.474587,0.142155,-5.426232
1000,1,25,1168,spo,8.509223,0.491437,-5.021555
1000,1,26,1169,gbm,8.555742,0.963750,-4.687064
1000,1,26,1169,lasso,8.463774,0.112102,-5.671656
1000,1,26,1169,spo,8.498302,0.564652,-5.148461
1000,1,27,1170,gbm,8.540603,0.832745,-5.315914
1000,1,27,1170,lasso,8.457895,0.112475,-6.144000
1000,1,27,1170,spo,8.537703,0.663290,-5.510734
1000,1,28,1171,gbm,8.479147,0.804004,-5.505770
1000,1,28,1171,lasso,8.424840,0.119614,-6.294690
1000,1,28,1171,spo,8.456209,0.549783,-5.798820
1000,1,29,1172,gbm,8.535462,1.017850,-4.391368
1000,1,29,1172,lasso,8.454724,0.123297,-5.425301
1000,1,29,1172,spo,8.474325,0.561959,-4.918291
1000,1,30,1173,gbm,8.552163,0.962109,-4.963828
1000,1,30,1173,lasso,8.501661,0.096967,-5.962052
1000,1,30,1173,spo,8.533867,0.751363,-5.206993
1000,1,31,1174,gbm,8.467992,0.712533,-5.470869
1000,1,31,1174,lasso,8.407772,0.069190,-6.211853
1000,1,31,1174,spo,8.462775,0.568574,-5.636676
1000,1,32,1175,gbm,8.574562,0.975353,-4.799701
1000,1,32,1175,lasso,8.503526,0.149083,-5.754983
1000,1,32,1175,spo,8.518944,0.308698,-5.570447
1000,1,33,1176,gbm,8.423775,0.754815,-5.412233
1000,1,33,1176,lasso,8.337747,0.073712,-6.196590
1000,1,33,1176,spo,8.398372,0.520046,-5.682593
1000,1,34,1177,gbm,8.435723,0.805677,-4.907452
1000,1,34,1177,lasso,8.392353,0.092749,-5.732577
1000,1,34,1177,spo,8.432135,0.550058,-5.203298
1000,1,35,1178,gbm,8.497070,0.909680,-4.765987
1000,1,35,1178,lasso,8.441671,0.170777,-5.620039
1000,1,35,1178,spo,8.476440,0.591669,-5.133557
1000,1,36,1179,gbm,8.548271,0.975886,-4.814720
1000,1,36,1179,lasso,8.531904,0.198012,-5.709271
1000,1,36,1179,spo,8.572296,0.779115,-5.041006
1000,1,37,1180,gbm,8.544344,0.807510,-5.126270
1000,1,37,1180,lasso,8.489057,0.153848,-5.880723
1000,1,37,1180,spo,8.570383,0.891168,-5.029712
1000,1,38,1181,gbm,8.579684,0.888901,-5.116026
1000,1,38,1181,lasso,8.502413,0.172221,-5.943114
1000,1,38,1181,spo,8.553345,0.760739,-5.263931
1000,1,39,1182,gbm,8.577540,0.878653,-4.732891
1000,1,39,1182,lasso,8.520319,0.236755,-5.471362
1000,1,39,1182,spo,8.545717,0.597520,-5.056320
1000,1,40,1183,gbm,8.603994,1.031233,-4.541417
1000,1,40,1183,lasso,8.557623,0.200176,-5.501246
1000,1,40,1183,spo,8.619180,0.912483,-4.678567
1000,1,41,1184,gbm,8.612331,1.092717,-4.772409
1000,1,41,1184,lasso,8.505406,0.183893,-5.822840
1000,1,41,1184,spo,8.566961,1.123688,-4.736612
1000,1,42,1185,gbm,8.649623,0.892851,-4.387430
1000,1,42,1185,lasso,8.579570,0.133833,-5.263077
1000,1,42,1185,spo,8.616197,0.659814,-4.656275
1000,1,43,1186,gbm,8.423532,0.830616,-5.471283
1000,1,43,1186,lasso,8.365717,0.064302,-6.353190
1000,1,43,1186,spo,8.404966,0.648188,-5.681228
1000,1,44,1187,gbm,8.548815,0.741111,-5.231924
1000,1,44,1187,lasso,8.542413,0.074660,-6.000685
1000,1,44,1187,spo,8.608171,0.576592,-5.421700
1000,1,45,1188,gbm,8.402297,0.690911,-5.646415
1000,1,45,1188,lasso,8.362887,0.100544,-6.325256
1000,1,45,1188,spo,8.384552,0.531759,-5.829418
1000,1,46,1189,gbm,8.595474,0.852281,-5.287865
1000,1,46,1189,lasso,8.504804,0.142240,-6.106440
1000,1,46,1189,spo,8.562970,0.473735,-5.724274
1000,1,47,1190,gbm,8.544599,0.915116,-4.878869
1000,1,47,1190,lasso,8.521178,0.148653,-5.763383
1000,1,47,1190,spo,8.539084,0.651807,-5.182733
1000,1,48,1191,gbm,8.553857,0.909589,-4.736003
1000,1,48,1191,lasso,8.471885,0.134882,-5.632137
1000,1,48,1191,spo,8.541642,0.763788,-4.904657
1000,1,49,1192,gbm,8.468467,0.934732,-5.021481
1000,1,49,1192,lasso,8.388552,0.188151,-5.887428
1000,1,49,1192,spo,8.449859,0.684962,-5.311186
1000,2,0,2143,gbm,5.719817,1.285038,-6.370207
1000,2,0,2143,lasso,5.671207,0.123587,-7.639380
1000,2,0,2143,spo,5.699081,0.771798,-6.931049
1000,2,1,2144,gbm,5.742413,0.984001,-6.462502
1000,2,1,2144,lasso,5.710617,0.156087,-7.374638
1000,2,1,2144,spo,5.730182,0.458019,-7.041990
1000,2,2,2145,gbm,5.675565,1.046340,-6.372467
1000,2,2,2145,lasso,5.639596,0.158289,-7.352172
1000,2,2,2145,spo,5.654663,0.641479,-6.819113
1000,2,3,2146,gbm,5.812323,1.624150,-6.186741
1000,2,3,2146,lasso,5.712029,0.164635,-7.792944
1000,2,3,2146,spo,5.763897,0.577774,-7.338283
1000,2,4,2147,gbm,5.973201,1.337879,-6.070854
1000,2,4,2147,lasso,5.902446,0.212350,-7.320795
1000,2,4,2147,spo,5.914391,0.757789,-6.715064
1000,2,5,2148,gbm,5.815610,1.856697,-5.293934
1000,2,5,2148,lasso,5.698741,0.129054,-7.220822
1000,2,5,2148,spo,5.740070,0.523475,-6.780913
1000,2,6,2149,gbm,5.650659,1.075642,-5.857731
1000,2,6,2149,lasso,5.636999,0.155845,-6.875471
1000,2,6,2149,spo,5.646634,0.434775,-6.566840
1000,2,7,2150,gbm,5.679698,1.100320,-6.015423
1000,2,7,2150,lasso,5.608086,0.210589,-6.997563
1000,2,7,2150,spo,5.617696,0.583623,-6.585785
1000,2,8,2151,gbm,5.687476,0.961133,-6.627668
1000,2,8,2151,lasso,5.637207,0.144455,-7.526422
1000,2,8,2151,spo,5.671849,0.533492,-7.098287
1000,2,9,2152,gbm,5.766287,1.099933,-6.134684
1000,2,9,2152,lasso,5.704854,0.199606,-7.119332
1000,2,9,2152,spo,5.722418,0.574963,-6.708821
1000,2,10,2153,gbm,5.599273,0.824150,-6.542795
1000,2,10,2153,lasso,5.567425,0.271389,-7.151618
1000,2,10,2153,spo,5.579671,0.445137,-6.960249
1000,2,11,2154,gbm,5.960926,0.995375,-6.809733
1000,2,11,2154,lasso,5.919496,0.138164,-7.760785
1000,2,11,2154,spo,5.924697,0.586578,-7.263282
1000,2,12,2155,gbm,5.626272,1.081538,-6.239572
1000,2,12,2155,lasso,5.583112,0.191165,-7.220137
1000,2,12,2155,spo,5.622583,0.556598,-6.817687
1000,2,13,2156,gbm,5.773575,1.128034,-6.536088
1000,2,13,2156,lasso,5.719728,0.206236,-7.554639
1000,2,13,2156,spo,5.782594,1.099049,-6.568115
1000,2,14,2157,gbm,5.713123,1.019542,-6.027559
1000,2,14,2157,lasso,5.653383,0.179360,-6.953415
1000,2,14,2157,spo,5.687381,0.696555,-6.383482
1000,2,15,2158,gbm,5.804645,1.145808,-6.248005
1000,2,15,2158,lasso,5.757153,0.223301,-7.267141
1000,2,15,2158,spo,5.774667,0.647178,-6.798865
1000,2,16,2159,gbm,5.745064,1.155575,-5.884410
1000,2,16,2159,lasso,5.713756,0.185262,-6.958553
1000,2,16,2159,spo,5.758727,0.604582,-6.494363
1000,2,17,2160,gbm,5.755994,1.105755,-6.034495
1000,2,17,2160,lasso,5.709328,0.173857,-7.068820
1000,2,17,2160,spo,5.726567,0.555384,-6.645358
1000,2,18,2161,gbm,5.684143,1.595254,-5.789395
1000,2,18,2161,lasso,5.593506,0.149442,-7.378188
1000,2,18,2161,spo,5.604956,0.403953,-7.098507
1000,2,19,2162,gbm,5.612576,1.410859,-5.735155
1000,2,19,2162,lasso,5.565771,0.242096,-7.018017
1000,2,19,2162,spo,5.574808,0.607105,-6.617375
1000,2,20,2163,gbm,5.696517,1.105891,-6.391953
1000,2,20,2163,lasso,5.651665,0.125994,-7.470698
1000,2,20,2163,spo,5.669468,0.512889,-7.044775
1000,2,21,2164,gbm,5.662780,1.103306,-6.582590
1000,2,21,2164,lasso,5.607017,0.221462,-7.550185
1000,2,21,2164,spo,5.635863,0.612067,-7.121597
1000,2,22,2165,gbm,5.723962,1.067118,-6.422297
1000,2,22,2165,lasso,5.707837,0.190965,-7.387834
1000,2,22,2165,spo,5.733238,0.936776,-6.565937
1000,2,23,2166,gbm,5.715388,1.464779,-5.912166
1000,2,23,2166,lasso,5.654144,0.156763,-7.349498
1000,2,23,2166,spo,5.665170,0.501646,-6.970518
1000,2,24,2167,gbm,5.700644,1.010612,-6.346429
1000,2,24,2167,lasso,5.657855,0.180132,-7.262532
1000,2,24,2167,spo,5.686435,0.885889,-6.484011
1000,2,25,2168,gbm,5.920796,1.261944,-6.119492
1000,2,25,2168,lasso,5.847024,0.194067,-7.303779
1000,2,25,2168,spo,5.898269,0.967843,-6.445653
1000,2,26,2169,gbm,5.674850,1.037145,-6.183222
1000,2,26,2169,lasso,5.623073,0.231997,-7.072465
1000,2,26,2169,spo,5.675056,0.829163,-6.412926
1000,2,27,2170,gbm,5.666296,0.920490,-6.487989
1000,2,27,2170,lasso,5.613748,0.164690,-7.320106
1000,2,27,2170,spo,5.654624,0.660980,-6.773702
1000,2,28,2171,gbm,5.915024,1.082495,-5.392872
1000,2,28,2171,lasso,5.858153,0.209572,-6.372009
1000,2,28,2171,spo,5.895301,0.878515,-5.621672
1000,2,29,2172,gbm,5.893455,0.989765,-6.436619
1000,2,29,2172,lasso,5.821414,0.178305,-7.333309
1000,2,29,2172,spo,5.851851,0.505755,-6.971466
1000,2,30,2173,gbm,5.624292,0.974797,-6.249409
1000,2,30,2173,lasso,5.560480,0.118097,-7.191394
1000,2,30,2173,spo,5.594016,0.639060,-6.618569
1000,2,31,2174,gbm,5.679239,1.025797,-6.451598
1000,2,31,2174,lasso,5.625358,0.212094,-7.343037
1000,2,31,2174,spo,5.663658,0.843328,-6.651499
1000,2,32,2175,gbm,5.730649,0.850606,-6.243922
1000,2,32,2175,lasso,5.707421,0.182871,-6.982302
1000,2,32,2175,spo,5.718873,0.739760,-6.366495
1000,2,33,2176,gbm,5.861705,1.306901,-5.957585
1000,2,33,2176,lasso,5.796135,0.234266,-7.141148
1000,2,33,2176,spo,5.829719,0.595183,-6.742907
1000,2,34,2177,gbm,5.638944,1.108896,-5.710384
1000,2,34,2177,lasso,5.588051,0.183013,-6.733494
1000,2,34,2177,spo,5.588722,0.581492,-6.293170
1000,2,35,2178,gbm,5.604419,1.004294,-6.401234
1000,2,35,2178,lasso,5.541426,0.209145,-7.283808
1000,2,35,2178,spo,5.560708,0.591931,-6.858935
1000,2,36,2179,gbm,5.851007,1.028663,-6.065208
1000,2,36,2179,lasso,5.831549,0.265370,-6.912228
1000,2,36,2179,spo,5.864880,0.787044,-6.333331
1000,2,37,2180,gbm,5.680274,1.151584,-5.623965
1000,2,37,2180,lasso,5.620274,0.154389,-6.727471
1000,2,37,2180,spo,5.634218,0.561207,-6.277282
1000,2,38,2181,gbm,5.753255,0.990548,-6.578124
1000,2,38,2181,lasso,5.725770,0.208425,-7.434565
1000,2,38,2181,spo,5.724156,0.472671,-7.145210
1000,2,39,2182,gbm,5.931989,1.310719,-5.967227
1000,2,39,2182,lasso,5.878091,0.228011,-7.168088
1000,2,39,2182,spo,5.896061,0.621314,-6.731864
1000,2,40,2183,gbm,5.892404,1.362354,-5.437987
1000,2,40,2183,lasso,5.808257,0.134035,-6.796776
1000,2,40,2183,spo,5.842176,0.637137,-6.240235
1000,2,41,2184,gbm,5.941071,1.367784,-5.657319
1000,2,41,2184,lasso,5.897993,0.187889,-6.964211
1000,2,41,2184,spo,5.918300,0.543975,-6.569797
1000,2,42,2185,gbm,5.654196,1.133602,-6.257611
1000,2,42,2185,lasso,5.577886,0.127605,-7.356994
1000,2,42,2185,spo,5.617812,0.574623,-6.868479
1000,2,43,2186,gbm,5.896511,1.167270,-6.010389
1000,2,43,2186,lasso,5.877647,0.207744,-7.073262
1000,2,43,2186,spo,5.897587,0.702829,-6.524853
1000,2,44,2187,gbm,5.874536,1.171071,-6.016294
1000,2,44,2187,lasso,5.815216,0.170104,-7.135288
1000,2,44,2187,spo,5.846377,0.445787,-6.827098
1000,2,45,2188,gbm,6.086433,1.277903,-5.959371
1000,2,45,2188,lasso,6.015402,0.270989,-7.088200
1000,2,45,2188,spo,6.018506,0.599223,-6.720224
1000,2,46,2189,gbm,5.964676,1.211432,-6.427359
1000,2,46,2189,lasso,5.909006,0.183522,-7.575331
1000,2,46,2189,spo,5.930325,0.539768,-7.177474
1000,2,47,2190,gbm,5.816313,1.135211,-6.290484
1000,2,47,2190,lasso,5.766177,0.216473,-7.306350
1000,2,47,2190,spo,5.790256,0.473398,-7.022263
1000,2,48,2191,gbm,5.793602,1.065763,-6.067207
1000,2,48,2191,lasso,5.740702,0.176731,-7.048614
1000,2,48,2191,spo,5.754089,0.548180,-6.638571
1000,2,49,2192,gbm,5.953166,0.864118,-6.701059
1000,2,49,2192,lasso,5.901836,0.231141,-7.405878
1000,2,49,2192,spo,5.914302,0.625391,-6.966882
1000,4,0,4143,gbm,3.736230,2.581266,-2.438298
1000,4,0,4143,lasso,3.717575,2.304251,-2.734168
1000,4,0,4143,spo,3.667889,1.157412,-3.959066
1000,4,1,4144,gbm,3.912520,2.886357,-3.149482
1000,4,1,4144,lasso,3.890238,2.175465,-3.900320
1000,4,1,4144,spo,3.843904,1.088125,-5.048759
1000,4,2,4145,gbm,4.070946,3.134237,-3.543697
1000,4,2,4145,lasso,4.056976,2.462249,-4.253522
1000,4,2,4145,spo,4.003530,1.273253,-5.509466
1000,4,3,4146,gbm,4.314721,3.419801,-2.759308
1000,4,3,4146,lasso,4.226301,1.432753,-4.885969
1000,4,3,4146,spo,4.215554,1.209033,-5.125408
1000,4,4,4147,gbm,4.307868,2.399184,-4.104114
1000,4,4,4147,lasso,4.318865,2.513977,-3.979475
1000,4,4,4147,spo,4.257596,1.178980,-5.428973
1000,4,5,4148,gbm,3.779540,2.436041,-3.425093
1000,4,5,4148,lasso,3.754605,1.988657,-3.908613
1000,4,5,4148,spo,3.722185,0.979651,-4.999118
1000,4,6,4149,gbm,3.929993,2.380473,-4.483609
1000,4,6,4149,lasso,3.904458,2.021930,-4.869390
1000,4,6,4149,spo,3.883065,0.935053,-6.038835
1000,4,7,4150,gbm,3.646321,2.124097,-4.508814
1000,4,7,4150,lasso,3.619554,2.007579,-4.632722
1000,4,7,4150,spo,3.591598,1.263348,-5.424159
1000,4,8,4151,gbm,4.300925,2.239033,-4.519460
1000,4,8,4151,lasso,4.320828,2.682815,-4.044864
1000,4,8,4151,spo,4.270235,1.350716,-5.469459
1000,4,9,4152,gbm,3.763513,1.997241,-3.662251
1000,4,9,4152,lasso,3.758303,1.898407,-3.768166
1000,4,9,4152,spo,3.720286,1.155372,-4.564434
1000,4,10,4153,gbm,4.295378,2.938233,-4.020179
1000,4,10,4153,lasso,4.257850,2.107164,-4.910252
1000,4,10,4153,spo,4.219252,1.257894,-5.819817
1000,4,11,4154,gbm,3.607916,2.427099,-3.266797
1000,4,11,4154,lasso,3.596690,1.895527,-3.828268
1000,4,11,4154,spo,3.557201,0.904126,-4.875435
1000,4,12,4155,gbm,4.224484,2.904028,-3.540213
1000,4,12,4155,lasso,4.190457,1.985158,-4.522479
1000,4,12,4155,spo,4.140708,1.113189,-5.454608
1000,4,13,4156,gbm,3.689441,1.968780,-4.312445
1000,4,13,4156,lasso,3.681910,1.944680,-4.338340
1000,4,13,4156,spo,3.647639,0.948052,-5.409185
1000,4,14,4157,gbm,4.025615,2.035589,-4.290005
1000,4,14,4157,lasso,4.035094,1.810034,-4.532432
1000,4,14,4157,spo,4.007818,1.062033,-5.336382
1000,4,15,4158,gbm,4.097091,3.299331,-2.879613
1000,4,15,4158,lasso,4.085766,2.579793,-3.646550
1000,4,15,4158,spo,4.016830,1.438956,-4.862537
1000,4,16,4159,gbm,4.258182,2.683143,-3.914057
1000,4,16,4159,lasso,4.273074,2.742856,-3.850040
1000,4,16,4159,spo,4.214692,1.265957,-5.433391
1000,4,17,4160,gbm,4.036916,2.065698,-4.101295
1000,4,17,4160,lasso,4.044153,2.065922,-4.101056
1000,4,17,4160,spo,4.000298,0.864940,-5.383046
1000,4,18,4161,gbm,3.884392,2.877234,-2.994203
1000,4,18,4161,lasso,3.809303,1.278722,-4.692225
1000,4,18,4161,spo,3.802853,1.073673,-4.910037
1000,4,19,4162,gbm,3.860031,1.946783,-3.695794
1000,4,19,4162,lasso,3.861152,1.966955,-3.674404
1000,4,19,4162,spo,3.811629,0.724017,-4.992384
1000,4,20,4163,gbm,4.010736,2.161642,-3.807323
1000,4,20,4163,lasso,4.013004,1.937670,-4.048298
1000,4,20,4163,spo,3.974676,1.219325,-4.821176
1000,4,21,4164,gbm,4.072754,2.305906,-3.798014
1000,4,21,4164,lasso,4.054671,1.562859,-4.584146
1000,4,21,4164,spo,4.029304,0.903038,-5.282226
1000,4,22,4165,gbm,3.758980,2.369952,-3.137993
1000,4,22,4165,lasso,3.755497,2.581211,-2.914513
1000,4,22,4165,spo,3.705335,1.110990,-4.469780
1000,4,23,4166,gbm,3.891606,2.875378,-2.889314
1000,4,23,4166,lasso,3.855017,1.970186,-3.861271
1000,4,23,4166,spo,3.821263,1.512081,-4.353165
1000,4,24,4167,gbm,3.612127,2.199293,-3.917917
1000,4,24,4167,lasso,3.606513,2.592595,-3.503618
1000,4,24,4167,spo,3.556921,1.145841,-5.027604
1000,4,25,4168,gbm,4.180032,3.297720,-2.271801
1000,4,25,4168,lasso,4.135299,1.781159,-3.884360
1000,4,25,4168,spo,4.098449,0.773265,-4.956052
1000,4,26,4169,gbm,4.218992,2.438717,-4.065276
1000,4,26,4169,lasso,4.192935,2.065007,-4.469669
1000,4,26,4169,spo,4.143713,1.332217,-5.262624
1000,4,27,4170,gbm,4.044533,2.302749,-4.048811
1000,4,27,4170,lasso,4.002512,1.753263,-4.638612
1000,4,27,4170,spo,3.985867,1.219140,-5.211925
1000,4,28,4171,gbm,4.108786,2.163403,-3.473761
1000,4,28,4171,lasso,4.091179,1.949034,-3.702747
1000,4,28,4171,spo,4.078158,1.361017,-4.330863
1000,4,29,4172,gbm,3.823979,2.014040,-4.000370
1000,4,29,4172,lasso,3.787742,1.878391,-4.143587
1000,4,29,4172,spo,3.779372,1.032135,-5.037049
1000,4,30,4173,gbm,4.147709,3.256343,-2.486076
1000,4,30,4173,lasso,4.120398,2.658827,-3.124708
1000,4,30,4173,spo,4.052682,0.957105,-4.943529
1000,4,31,4174,gbm,4.157290,2.536218,-4.043485
1000,4,31,4174,lasso,4.164150,2.750058,-3.813847
1000,4,31,4174,spo,4.110165,1.686635,-4.955834
1000,4,32,4175,gbm,3.866750,2.208908,-4.139922
1000,4,32,4175,lasso,3.859558,1.775594,-4.602657
1000,4,32,4175,spo,3.816753,1.095086,-5.329369
1000,4,33,4176,gbm,3.359935,2.586911,-2.082170
1000,4,33,4176,lasso,3.330991,1.750418,-2.958611
1000,4,33,4176,spo,3.288517,0.633555,-4.128812
1000,4,34,4177,gbm,3.992253,2.003892,-4.892843
1000,4,34,4177,lasso,4.013469,2.786889,-4.057862
1000,4,34,4177,spo,3.968631,1.641369,-5.279435
1000,4,35,4178,gbm,3.956619,1.881897,-4.923115
1000,4,35,4178,lasso,3.965128,2.205480,-4.578061
1000,4,35,4178,spo,3.940946,1.569919,-5.255795
1000,4,36,4179,gbm,4.073745,1.954006,-4.044242
1000,4,36,4179,lasso,4.048082,2.296846,-3.680504
1000,4,36,4179,spo,4.028786,1.397142,-4.635049
1000,4,37,4180,gbm,3.859007,2.308552,-4.000964
1000,4,37,4180,lasso,3.843872,1.760990,-4.592126
1000,4,37,4180,spo,3.836069,1.298399,-5.091550
1000,4,38,4181,gbm,3.935351,2.900331,-2.854837
1000,4,38,4181,lasso,3.891729,1.468040,-4.367346
1000,4,38,4181,spo,3.862291,1.060690,-4.797512
1000,4,39,4182,gbm,3.985276,3.000436,-2.999936
1000,4,39,4182,lasso,3.903018,1.889487,-4.192478
1000,4,39,4182,spo,3.882615,0.966206,-5.183569
1000,4,40,4183,gbm,3.889422,2.303411,-3.798390
1000,4,40,4183,lasso,3.868448,1.913566,-4.216029
1000,4,40,4183,spo,3.851375,1.292993,-4.880848
1000,4,41,4184,gbm,4.013156,1.869592,-4.375192
1000,4,41,4184,lasso,4.030533,2.426609,-3.777101
1000,4,41,4184,spo,3.995134,1.252801,-5.037465
1000,4,42,4185,gbm,4.001410,2.116701,-4.331275
1000,4,42,4185,lasso,3.996984,2.383884,-4.046125
1000,4,42,4185,spo,3.952250,1.211305,-5.297554
1000,4,43,4186,gbm,3.817986,2.000224,-4.389606
1000,4,43,4186,lasso,3.806902,1.810477,-4.590078
1000,4,43,4186,spo,3.789485,1.337260,-5.090043
1000,4,44,4187,gbm,4.001341,3.238700,-2.681036
1000,4,44,4187,lasso,3.951493,1.557338,-4.478163
1000,4,44,4187,spo,3.934822,1.293414,-4.760258
1000,4,45,4188,gbm,4.013959,2.251551,-3.873913
1000,4,45,4188,lasso,4.009664,2.088192,-4.047514
1000,4,45,4188,spo,3.967698,1.248712,-4.939621
1000,4,46,4189,gbm,4.113926,2.071584,-4.559318
1000,4,46,4189,lasso,4.109270,2.060399,-4.571258
1000,4,46,4189,spo,4.063198,1.022469,-5.679190
1000,4,47,4190,gbm,4.054968,2.529076,-4.292738
1000,4,47,4190,lasso,4.054826,2.271900,-4.571550
1000,4,47,4190,spo,4.038418,1.776740,-5.108367
1000,4,48,4191,gbm,3.723935,2.779743,-3.843802
1000,4,48,4191,lasso,3.712017,1.822937,-4.872027
1000,4,48,4191,spo,3.685497,0.990159,-5.766966
1000,4,49,4192,gbm,4.362342,2.497324,-4.563336
1000,4,49,4192,lasso,4.352146,1.991151,-5.103904
1000,4,49,4192,spo,4.303313,0.924476,-6.243058
1000,6,0,6143,gbm,3.720846,6.749444,0.729309
1000,6,0,6143,lasso,3.762608,7.772706,1.823841
1000,6,0,6143,spo,3.584025,2.555587,-3.756651
1000,6,1,6144,gbm,3.633565,4.696020,-1.209428
1000,6,1,6144,lasso,3.705572,7.206066,1.459132
1000,6,1,6144,spo,3.560527,2.635811,-3.399743
1000,6,2,6145,gbm,3.873725,4.461063,-0.344258
1000,6,2,6145,lasso,3.875737,4.883298,0.100736
1000,6,2,6145,spo,3.808368,2.616615,-2.288127
1000,6,3,6146,gbm,4.230945,4.894515,0.010265
1000,6,3,6146,lasso,4.293561,5.881829,1.062298
1000,6,3,6146,spo,4.085570,1.311422,-3.807701
1000,6,4,6147,gbm,3.392128,3.870166,-1.050517
1000,6,4,6147,lasso,3.417224,4.217983,-0.687467
1000,6,4,6147,spo,3.324238,1.532530,-3.490536
1000,6,5,6148,gbm,3.378783,3.799590,-1.577546
1000,6,5,6148,lasso,3.508170,7.377864,2.211216
1000,6,5,6148,spo,3.342833,2.858098,-2.574420
1000,6,6,6149,gbm,3.379764,3.183323,-2.634976
1000,6,6,6149,lasso,3.603671,10.010025,4.577978
1000,6,6,6149,spo,3.409724,3.274736,-2.538392
1000,6,7,6150,gbm,3.292766,4.401841,-1.019901
1000,6,7,6150,lasso,3.524819,11.388640,6.314446
1000,6,7,6150,spo,3.249351,2.772720,-2.730059
1000,6,8,6151,gbm,3.440130,4.635953,-1.633382
1000,6,8,6151,lasso,3.496164,5.517364,-0.703531
1000,6,8,6151,spo,3.413921,2.770708,-3.601138
1000,6,9,6152,gbm,2.876176,4.039505,-0.703327
1000,6,9,6152,lasso,2.971819,6.934064,2.307435
1000,6,9,6152,spo,2.848874,3.294721,-1.478011
1000,6,10,6153,gbm,3.877123,7.035128,1.368727
1000,6,10,6153,lasso,4.037255,10.659496,5.248637
1000,6,10,6153,spo,3.915689,7.109835,1.448701
1000,6,11,6154,gbm,3.348292,4.130714,-0.911795
1000,6,11,6154,lasso,3.446990,7.856913,3.015853
1000,6,11,6154,spo,3.327758,4.338591,-0.692679
1000,6,12,6155,gbm,3.680398,3.917763,-1.894724
1000,6,12,6155,lasso,3.838698,8.240545,2.669794
1000,6,12,6155,spo,3.647950,3.078125,-2.781316
1000,6,13,6156,gbm,3.224671,4.850387,0.273765
1000,6,13,6156,lasso,3.229219,4.609525,0.019069
1000,6,13,6156,spo,3.179482,2.605348,-2.100223
1000,6,14,6157,gbm,3.089314,3.248216,-1.131244
1000,6,14,6157,lasso,3.165653,5.849740,1.612084
1000,6,14,6157,spo,3.056953,2.352438,-2.075849
1000,6,15,6158,gbm,3.282535,3.853468,-1.339655
1000,6,15,6158,lasso,3.385833,7.001548,1.972481
1000,6,15,6158,spo,3.232202,2.215249,-3.063248
1000,6,16,6159,gbm,3.731498,6.996298,0.702581
1000,6,16,6159,lasso,3.829428,9.816071,3.710833
1000,6,16,6159,spo,3.647720,5.000237,-1.426900
1000,6,17,6160,gbm,3.151461,5.140370,-0.186371
1000,6,17,6160,lasso,3.188334,6.061386,0.784349
1000,6,17,6160,spo,3.079659,2.563770,-2.902022
1000,6,18,6161,gbm,4.038072,6.253149,0.891510
1000,6,18,6161,lasso,4.105353,8.262773,3.040581
1000,6,18,6161,spo,3.875651,2.061840,-3.590630
1000,6,19,6162,gbm,3.976988,4.033993,-2.345977
1000,6,19,6162,lasso,4.000579,5.499299,-0.795242
1000,6,19,6162,spo,3.932933,2.755414,-3.699100
1000,6,20,6163,gbm,3.168248,3.876850,-0.948287
1000,6,20,6163,lasso,3.322314,8.227243,3.563312
1000,6,20,6163,spo,3.165751,3.483195,-1.356529
1000,6,21,6164,gbm,3.842744,6.564549,0.820066
1000,6,21,6164,lasso,3.887434,8.876790,3.265522
1000,6,21,6164,spo,3.739757,3.110259,-2.833236
1000,6,22,6165,gbm,3.527383,4.899962,-0.736128
1000,6,22,6165,lasso,3.592820,7.247206,1.753982
1000,6,22,6165,spo,3.433575,2.796819,-2.967280
1000,6,23,6166,gbm,3.439685,3.066581,-2.823928
1000,6,23,6166,lasso,3.573563,8.459424,2.862706
1000,6,23,6166,spo,3.425694,2.984320,-2.910671
1000,6,24,6167,gbm,3.274331,3.892146,-0.700940
1000,6,24,6167,lasso,3.377347,7.396589,2.951086
1000,6,24,6167,spo,3.257228,2.902042,-1.732741
1000,6,25,6168,gbm,3.499199,4.014978,-1.551849
1000,6,25,6168,lasso,3.572999,6.541468,1.143361
1000,6,25,6168,spo,3.488283,3.235577,-2.383298
1000,6,26,6169,gbm,2.922969,2.910450,-2.170417
1000,6,26,6169,lasso,3.012384,6.267444,1.385422
1000,6,26,6169,spo,2.934460,2.717313,-2.374995
1000,6,27,6170,gbm,3.408710,4.793030,-0.518514
1000,6,27,6170,lasso,3.482700,7.586955,2.404542
1000,6,27,6170,spo,3.356809,3.198812,-2.186414
1000,6,28,6171,gbm,3.374367,3.861527,-2.133070
1000,6,28,6171,lasso,3.530960,8.899247,3.210049
1000,6,28,6171,spo,3.342776,3.018085,-3.027644
1000,6,29,6172,gbm,3.552310,3.942156,-1.185845
1000,6,29,6172,lasso,3.650919,6.054097,1.041366
1000,6,29,6172,spo,3.508463,2.164433,-3.060596
1000,6,30,6173,gbm,3.510143,4.044104,-1.899804
1000,6,30,6173,lasso,3.570982,5.560598,-0.299333
1000,6,30,6173,spo,3.430665,1.567939,-4.513087
1000,6,31,6174,gbm,3.664105,4.323501,-1.114136
1000,6,31,6174,lasso,3.780146,7.926379,2.671988
1000,6,31,6174,spo,3.580870,2.928567,-2.580017
1000,6,32,6175,gbm,3.098777,3.758881,-1.076940
1000,6,32,6175,lasso,3.193987,7.174498,2.502761
1000,6,32,6175,spo,3.040830,1.922017,-3.002045
1000,6,33,6176,gbm,3.422940,5.302073,1.236679
1000,6,33,6176,lasso,3.385252,4.630992,0.522758
1000,6,33,6176,spo,3.309694,2.081143,-2.189865
1000,6,34,6177,gbm,3.217066,4.000142,-1.281295
1000,6,34,6177,lasso,3.274459,5.219104,-0.002848
1000,6,34,6177,spo,3.180140,2.569507,-2.781743
1000,6,35,6178,gbm,3.637841,4.069370,-1.657115
1000,6,35,6178,lasso,3.695758,5.966310,0.349508
1000,6,35,6178,spo,3.608127,2.604995,-3.206162
1000,6,36,6179,gbm,3.397075,3.788482,-1.543288
1000,6,36,6179,lasso,3.462067,5.643719,0.411358
1000,6,36,6179,spo,3.348966,2.399726,-3.006456
1000,6,37,6180,gbm,3.264652,3.278655,-2.450088
1000,6,37,6180,lasso,3.387776,7.271389,1.779096
1000,6,37,6180,spo,3.284221,3.009571,-2.735107
1000,6,38,6181,gbm,3.426849,3.495233,-2.349929
1000,6,38,6181,lasso,3.606569,8.295295,2.699299
1000,6,38,6181,spo,3.416788,3.027235,-2.842221
1000,6,39,6182,gbm,3.363562,3.216436,-2.266172
1000,6,39,6182,lasso,3.440824,5.858358,0.489964
1000,6,39,6182,spo,3.362951,2.973848,-2.519247
1000,6,40,6183,gbm,4.104108,5.634865,-0.071599
1000,6,40,6183,lasso,4.258022,9.388108,3.897737
1000,6,40,6183,spo,3.992105,2.651221,-3.227028
1000,6,41,6184,gbm,3.994748,5.816615,0.982462
1000,6,41,6184,lasso,4.060788,7.466846,2.711225
1000,6,41,6184,spo,3.868951,2.375228,-2.622695
1000,6,42,6185,gbm,3.340167,3.603775,-1.850433
1000,6,42,6185,lasso,3.380971,4.585876,-0.805340
1000,6,42,6185,spo,3.311189,2.451753,-3.076346
1000,6,43,6186,gbm,3.221361,3.796230,-1.265336
1000,6,43,6186,lasso,3.302116,7.256888,2.338220
1000,6,43,6186,spo,3.128058,1.815018,-3.328358
1000,6,44,6187,gbm,3.891775,4.579065,-0.483413
1000,6,44,6187,lasso,4.007717,7.788378,2.926609
1000,6,44,6187,spo,3.794240,1.919875,-3.308906
1000,6,45,6188,gbm,3.451701,4.758938,-0.226203
1000,6,45,6188,lasso,3.437595,5.294610,0.336209
1000,6,45,6188,spo,3.335402,2.165952,-2.948631
1000,6,46,6189,gbm,3.578875,4.286611,-0.754653
1000,6,46,6189,lasso,3.647076,6.123254,1.174369
1000,6,46,6189,spo,3.529071,2.130360,-3.019358
1000,6,47,6190,gbm,3.816111,4.863734,-1.523034
1000,6,47,6190,lasso,3.910070,7.296465,1.058447
1000,6,47,6190,spo,3.750936,2.921541,-3.583984
1000,6,48,6191,gbm,3.074563,5.529545,0.953018
1000,6,48,6191,lasso,3.148333,8.515039,4.092832
1000,6,48,6191,spo,2.989817,2.496072,-2.237255
1000,6,49,6192,gbm,3.800844,5.472947,0.454648
1000,6,49,6192,lasso,3.917721,8.094700,3.224551
1000,6,49,6192,spo,3.710918,2.438959,-2.750786
1000,8,0,8143,gbm,3.778886,11.257516,6.767566
1000,8,0,8143,lasso,3.917034,14.689353,10.360799
1000,8,0,8143,spo,3.623778,6.481678,1.767126
1000,8,1,8144,gbm,3.906615,6.876372,2.857074
1000,8,1,8144,lasso,4.208244,15.413733,11.771016
1000,8,1,8144,spo,3.802557,4.909201,0.803132
1000,8,2,8145,gbm,3.468093,7.305587,2.590032
1000,8,2,8145,lasso,3.807162,17.388356,13.193470
1000,8,2,8145,spo,3.433427,5.670768,0.870791
1000,8,3,8146,gbm,4.534100,9.043765,3.766036
1000,8,3,8146,lasso,4.823261,14.546454,9.478720
1000,8,3,8146,spo,4.326419,2.885942,-2.626782
1000,8,4,8147,gbm,3.174348,7.115665,3.171953
1000,8,4,8147,lasso,3.405461,14.661780,11.048987
1000,8,4,8147,spo,3.120807,4.859159,0.816493
1000,8,5,8148,gbm,2.957244,9.449679,5.944263
1000,8,5,8148,lasso,3.337864,21.761740,18.751962
1000,8,5,8148,spo,2.907972,6.795460,3.183195
1000,8,6,8149,gbm,3.328203,8.971717,3.875228
1000,8,6,8149,lasso,3.433950,12.938586,8.065880
1000,8,6,8149,spo,3.194907,4.100876,-1.270391
1000,8,7,8150,gbm,3.886290,10.630704,5.503908
1000,8,7,8150,lasso,4.149221,18.052192,13.351092
1000,8,7,8150,spo,3.689626,3.757067,-1.763998
1000,8,8,8151,gbm,3.378398,6.906623,1.511197
1000,8,8,8151,lasso,3.794566,19.635100,14.787601
1000,8,8,8151,spo,3.384439,7.116776,1.730397
1000,8,9,8152,gbm,2.849372,6.380361,1.950699
1000,8,9,8152,lasso,2.927827,9.431766,5.100188
1000,8,9,8152,spo,2.778966,3.433303,-1.091089
1000,8,10,8153,gbm,3.792401,10.522738,5.906442
1000,8,10,8153,lasso,3.904268,14.218942,9.797809
1000,8,10,8153,spo,3.532802,4.076144,-0.880538
1000,8,11,8154,gbm,2.801088,6.777484,1.911451
1000,8,11,8154,lasso,3.099388,17.999965,13.567446
1000,8,11,8154,spo,2.748044,4.710957,-0.234904
1000,8,12,8155,gbm,3.613846,7.464069,3.422707
1000,8,12,8155,lasso,4.066198,21.053230,17.759248
1000,8,12,8155,spo,3.472646,4.437840,0.230041
1000,8,13,8156,gbm,3.684298,8.005429,3.392522
1000,8,13,8156,lasso,4.065308,18.800427,14.743995
1000,8,13,8156,spo,3.534148,4.560109,-0.230401
1000,8,14,8157,gbm,4.112454,12.177912,7.710906
1000,8,14,8157,lasso,4.324137,17.645685,13.449208
1000,8,14,8157,spo,3.867448,5.448791,0.648850
1000,8,15,8158,gbm,3.855151,9.756992,4.450114
1000,8,15,8158,lasso,4.398631,24.657212,20.233532
1000,8,15,8158,spo,3.622454,5.409505,-0.155067
1000,8,16,8159,gbm,3.163725,7.766950,3.865126
1000,8,16,8159,lasso,3.282278,11.246896,7.527200
1000,8,16,8159,spo,3.064149,3.758154,-0.353475
1000,8,17,8160,gbm,3.823567,8.866129,4.632018
1000,8,17,8160,lasso,4.047085,15.205208,11.269146
1000,8,17,8160,spo,3.607431,3.506223,-0.979899
1000,8,18,8161,gbm,3.459357,8.755734,4.715784
1000,8,18,8161,lasso,3.942692,24.805147,21.633619
1000,8,18,8161,spo,3.286283,4.645086,0.382711
1000,8,19,8162,gbm,2.831513,5.167911,0.244670
1000,8,19,8162,lasso,3.138843,16.972760,12.482584
1000,8,19,8162,spo,2.895412,7.008224,2.152495
1000,8,20,8163,gbm,4.365824,12.032238,5.772513
1000,8,20,8163,lasso,4.501557,14.769693,8.704388
1000,8,20,8163,spo,4.112833,4.767406,-2.008284
1000,8,21,8164,gbm,3.465413,7.863294,3.534404
1000,8,21,8164,lasso,3.880777,17.942722,14.140727
1000,8,21,8164,spo,3.552830,7.153853,2.787878
1000,8,22,8165,gbm,3.955639,11.393885,7.398610
1000,8,22,8165,lasso,4.174120,18.333609,14.841790
1000,8,22,8165,spo,3.831992,7.894915,3.645801
1000,8,23,8166,gbm,4.941186,7.691487,2.882233
1000,8,23,8166,lasso,5.130587,12.048242,7.511300
1000,8,23,8166,spo,4.821104,4.673844,-0.324024
1000,8,24,8167,gbm,4.251950,9.259226,4.017382
1000,8,24,8167,lasso,4.388434,12.788893,7.734255
1000,8,24,8167,spo,4.051614,3.625604,-1.915036
1000,8,25,8168,gbm,2.903119,11.059903,7.151190
1000,8,25,8168,lasso,3.327979,27.117419,24.060986
1000,8,25,8168,spo,2.776957,5.878871,1.695165
1000,8,26,8169,gbm,4.071862,8.593925,4.642016
1000,8,26,8169,lasso,4.196036,14.390234,10.630682
1000,8,26,8169,spo,3.838009,3.484111,-0.637374
1000,8,27,8170,gbm,3.472089,9.979727,4.611870
1000,8,27,8170,lasso,3.593543,14.371964,9.210079
1000,8,27,8170,spo,3.348598,5.734537,0.167603
1000,8,28,8171,gbm,3.121254,10.868075,6.940600
1000,8,28,8171,lasso,3.352115,17.880560,14.186632
1000,8,28,8171,spo,2.916920,3.448521,-0.726057
1000,8,29,8172,gbm,3.594577,8.278843,4.003958
1000,8,29,8172,lasso,3.845736,16.639844,12.633408
1000,8,29,8172,spo,3.522086,5.760887,1.405159
1000,8,30,8173,gbm,3.233345,8.557496,3.863811
1000,8,30,8173,lasso,3.627287,21.163502,17.045120
1000,8,30,8173,spo,3.120408,4.860707,-0.001690
1000,8,31,8174,gbm,4.431994,7.544316,3.311706
1000,8,31,8174,lasso,4.712059,15.555915,11.653508
1000,8,31,8174,spo,4.277313,4.778533,0.431929
1000,8,32,8175,gbm,3.719789,8.194427,3.820987
1000,8,32,8175,lasso,4.065755,17.525033,13.524098
1000,8,32,8175,spo,3.572768,3.551674,-1.007117
1000,8,33,8176,gbm,3.887134,8.675424,3.880109
1000,8,33,8176,lasso,3.967474,10.902896,6.242375
1000,8,33,8176,spo,3.709027,2.809035,-2.341283
1000,8,34,8177,gbm,2.516060,9.837661,5.822146
1000,8,34,8177,lasso,2.707004,18.764453,15.167096
1000,8,34,8177,spo,2.451578,6.578445,2.410258
1000,8,35,8178,gbm,3.529214,10.282145,5.933975
1000,8,35,8178,lasso,3.881805,21.860035,18.202670
1000,8,35,8178,spo,3.394286,5.347301,0.704690
1000,8,36,8179,gbm,4.338119,9.927091,6.509154
1000,8,36,8179,lasso,4.634564,17.773856,14.563084
1000,8,36,8179,spo,4.114412,4.410582,0.847003
1000,8,37,8180,gbm,3.537920,7.522751,3.922422
1000,8,37,8180,lasso,4.014902,19.624335,16.795061
1000,8,37,8180,spo,3.397889,2.308498,-1.624058
1000,8,38,8181,gbm,5.402642,11.694185,7.582331
1000,8,38,8181,lasso,5.651124,17.910907,14.172793
1000,8,38,8181,spo,5.149796,6.774053,2.366409
1000,8,39,8182,gbm,4.307520,8.434420,4.655600
1000,8,39,8182,lasso,4.634637,17.104268,13.709659
1000,8,39,8182,spo,4.216298,6.223873,2.347092
1000,8,40,8183,gbm,4.794845,8.873582,4.292937
1000,8,40,8183,lasso,4.989489,13.328695,9.091100
1000,8,40,8183,spo,4.580510,4.164993,-0.778219
1000,8,41,8184,gbm,3.438244,7.062921,3.035599
1000,8,41,8184,lasso,3.690150,14.752147,11.080160
1000,8,41,8184,spo,3.274518,2.822853,-1.400411
1000,8,42,8185,gbm,3.435325,10.753254,4.691969
1000,8,42,8185,lasso,3.814087,22.464954,17.025212
1000,8,42,8185,spo,3.255456,4.260098,-2.145780
1000,8,43,8186,gbm,2.870302,9.456787,5.063381
1000,8,43,8186,lasso,3.033007,16.510112,12.638766
1000,8,43,8186,spo,2.721972,3.818411,-0.992326
1000,8,44,8187,gbm,3.653205,9.810661,6.343597
1000,8,44,8187,lasso,3.745475,13.739736,10.459535
1000,8,44,8187,spo,3.442131,3.293761,-0.483240
1000,8,45,8188,gbm,3.901768,8.422971,1.395645
1000,8,45,8188,lasso,4.124575,16.168323,9.491838
1000,8,45,8188,spo,3.787977,5.840362,-1.303948
1000,8,46,8189,gbm,2.550108,6.014833,1.369249
1000,8,46,8189,lasso,2.973402,22.998962,19.083187
1000,8,46,8189,spo,2.551926,6.249202,1.613689
1000,8,47,8190,gbm,3.725113,6.163238,2.445940
1000,8,47,8190,lasso,4.125977,16.546239,13.281146
1000,8,47,8190,spo,3.615440,3.768121,-0.053490
1000,8,48,8191,gbm,3.627797,8.337065,3.957077
1000,8,48,8191,lasso,4.014468,20.506762,16.718180
1000,8,48,8191,spo,3.581157,6.962428,2.515637
1000,8,49,8192,gbm,4.062361,8.412697,3.721192
1000,8,49,8192,lasso,4.586150,22.821971,19.060636
1000,8,49,8192,spo,4.062386,7.993364,3.274790
